question_code,正答率,選択率1,選択率2,選択率3,選択率4,選択率5,識別値,70%以上のフラグ
105A001,97.2,2.5,97.2,0.2,0.2,,,〇
105A002,99,0.2,0.3,0.5,99.0,,,〇
105A003,77.6,3.8,2.6,77.6,15.9,,,〇
105A004,95,4.5,95.0,0.0,0.5,,,〇
105A005,97.9,0.7,97.9,1.0,0.5,,,〇
105A006,96.5,1.5,96.5,1.5,0.5,,,〇
105A007,92.4,0.2,1.8,92.4,5.6,,,〇
105A008,97.2,1.3,97.2,1.0,0.5,,,〇
105A009,97.5,1.7,97.5,0.7,0.2,,,〇
105A010,98.8,0.5,0.5,0.2,98.8,,,〇
105A011,99.5,0.0,0.2,99.5,0.3,,,〇
105A012,99.2,0.0,0.8,99.2,0.0,,,〇
105A013,76.5,20.5,76.5,2.2,0.8,,,〇
105A014,99.5,0.2,0.2,99.5,0.2,,,〇
105A015,87.1,0.2,9.4,87.1,3.3,,,〇
105A016,95,1.7,2.5,0.8,95.0,,,〇
105A017,92.7,2.1,4.6,0.5,92.7,,,〇
105A018,96.9,1.0,1.5,0.7,96.9,,,〇
105A019,99,0.0,0.2,99.0,0.8,,,〇
105A020,NULL,5.6,2.1,79.7,12.6,,,〇
105A021,99.5,0.0,0.5,99.5,0.0,,,〇
105A022,97.9,1.0,0.3,0.8,97.9,,,〇
105A023,99,99.0,0.2,0.2,0.7,,,〇
105A024,93,4.0,1.3,93.0,1.7,,,〇
105A025,30,30.0,65.5,4.1,0.3,,,×
105A026,61.3,10.7,14.5,13.4,61.3,,,×
105A027,30.4,14.5,30.4,16.5,38.5,,,×
105A028,76.8,76.8,5.5,4.0,13.7,,,〇
105A029,92.6,2.5,1.0,4.0,92.6,,,〇
105A030,63.3,1.2,32.7,63.3,2.8,,,×
105A031,82.3,3.1,1.7,82.3,12.9,,,〇
105A032,93.4,93.4,0.5,3.5,2.6,,,〇
105A033,66.1,3.3,66.1,3.1,27.5,,,×
105A034,25.6,16.7,25.6,53.4,4.3,,,×
105A035,36.2,36.2,23.1,15.7,25.0,,,×
105A036,93.1,93.1,6.6,0.3,0.0,,,〇
105A037,77,1.0,0.0,77.0,22.0,,,〇
105A038,96.9,2.1,0.5,96.9,0.5,,,〇
105A039,95.5,2.6,0.3,1.5,95.5,,,〇
105A040,99.5,0.0,0.0,0.5,99.5,,,〇
105A041,94.2,94.2,2.3,2.0,1.5,,,〇
105A042,99.3,0.3,0.3,0.0,99.3,,,〇
105A043,76.5,4.0,0.2,76.5,19.4,,,〇
105A044,97.5,0.5,0.3,1.7,97.5,,,〇
105A045,72.9,6.6,1.2,19.3,72.9,,,〇
105A046,31,51.8,31.0,17.2,0.0,,,×
105A047,80.4,3.6,5.1,80.4,10.8,,,〇
105A048,95.4,95.4,0.2,0.5,4.0,,,〇
105A049,93.2,93.2,6.3,0.2,0.3,,,〇
105A050,90.4,1.5,90.4,6.1,2.0,,,〇
105A051,66.4,0.7,66.4,29.1,3.8,,,×
105A052,87.4,0.3,11.2,1.0,87.4,,,〇
105A053,56.2,1.7,5.2,36.9,56.2,,,×
105A054,50.2,50.2,6.0,40.0,3.8,,,×
105A055,90.1,2.0,0.0,7.9,90.1,,,〇
105A056,75.5,1.3,20.4,2.8,75.5,,,〇
105A057,72.1,3.6,7.8,16.5,72.1,,,〇
105A058,93.7,2.6,2.0,1.7,93.7,,,〇
105A059,88.3,88.3,4.5,6.1,1.2,,,〇
105A060,86,86.0,0.3,7.6,6.1,,,〇
105A061,60.3,6.3,2.1,31.2,60.3,,,×
105A062,72.9,72.9,11.7,7.1,8.3,,,〇
105A063,98.2,0.2,0.3,98.2,1.3,,,〇
105A064,85.8,85.8,4.0,4.8,5.5,,,〇
105A065,68.4,26.9,4.0,0.7,68.4,,,×
105A066,NULL,1.2,14.2,3.1,81.5,,,〇
105A067,95.4,2.1,2.0,95.4,0.5,,,〇
105A068,43.3,0.3,43.3,34.0,16.5,5.8,,×
105A069,46.7,12.4,46.7,30.6,8.1,2.2,,×
105A070,72.7,19.0,4.3,3.0,72.7,1.0,,〇
105A071,21.3,5.0,71.7,21.3,1.5,0.5,,×
105A072,27.2,27.2,1.5,1.2,68.9,1.3,,×
105A073,56.9,31.6,0.5,6.6,56.9,4.5,,×
105A074,61,61.0,6.9,8.4,14.0,9.6,,×
105A075,96,2.8,0.0,96.0,0.2,1.0,,〇
105A076,76.9,76.9,0.3,1.7,1.5,19.7,,〇
105A077,72.4,72.4,12.7,13.1,1.2,0.7,,〇
105A078,99.3,99.3,0.2,0.3,0.0,0.2,,〇
105A079,73.7,4.1,9.1,73.7,2.8,10.3,,〇
105A080,94.7,0.2,0.2,3.8,94.7,1.2,,〇
105A081,15.5,40.6,59.9,26.8,8.8,63.9,,×
105A082,99.3,0.3,0.3,0.2,99.5,99.7,,〇
105A083,55,11.3,15.1,21.3,59.1,93.2,,×
105A084,74.5,10.9,0.3,14.3,84.4,90.0,,〇
105A085,96.2,0.2,2.0,99.3,96.9,1.7,,〇
105A086,20.9,5.1,64.2,81.1,29.5,20.0,,×
105A087,74.5,3.6,20.7,2.6,85.1,87.9,,〇
105A088,11.1,70.7,5.3,18.8,22.8,82.3,,×
105A089,70.2,98.3,1.3,72.5,18.4,9.5,,〇
105A090,62,,,,,,,×
105A091,73,13.2,5.8,7.9,73.0,,,〇
105A092,77.2,10.3,3.2,6.3,3.0,77.2,,〇
105A093,72.7,1.2,19.3,6.1,72.7,0.7,,〇
105A094,80.3,80.3,10.2,3.5,0.7,5.3,,〇
105A095,97.2,0.5,0.0,2.0,97.2,0.3,,〇
105A096,44.8,5.6,75.6,31.4,19.6,67.7,,×
105A097,94.4,1.3,1.5,2.8,94.4,,,〇
105A098,73,4.5,0.5,73.0,22.0,,,〇
105A099,99.5,0.2,0.3,99.5,0.0,,,〇
105A100,71.6,5.6,1.0,17.2,71.6,4.5,,〇
105A101,91.9,0.0,2.0,91.9,6.1,,,〇
105A102,98,0.2,98.0,1.7,0.2,,,〇
105A103,80,14.5,80.0,5.1,0.3,,,〇
105A104,91.7,6.6,91.7,0.7,1.0,,,〇
105A105,83.6,89.9,4.9,1.9,5.2,98.1,,〇
105A106,71.4,1.2,4.6,22.8,71.4,,,〇
105A107,88.6,1.0,2.6,7.8,88.6,,,〇
105A108,97.4,0.5,0.3,1.8,97.4,,,〇
105A109,81.7,0.8,17.2,81.7,0.3,,,〇
105A110,87.6,4.5,7.9,87.6,0.0,,,〇
105A111,96.2,1.7,1.3,96.2,0.8,,,〇
105A112,71.7,18.7,0.5,9.1,71.7,,,〇
105A113,34.4,34.4,64.6,0.3,0.7,,,×
105A114,90.6,0.3,99.3,92.6,4.0,3.7,,〇
105A115,98.2,0.5,0.0,1.2,0.2,98.2,,〇
105A116,41.5,15.9,41.5,12.3,30.3,,,×
105A117,60.3,3.6,28.4,60.3,7.2,0.5,,×
105A118,80.6,0.0,80.6,1.7,17.7,,,〇
105A119,85,9.3,0.7,85.0,5.1,,,〇
105A120,99.3,0.2,0.0,0.5,99.3,,,〇
105P001,99,0.5,0.5,99.0,0.0,,,〇
105P002,81.3,7.3,81.3,10.7,0.7,,,〇
105P003,96.9,0.2,0.3,2.6,96.9,,,〇
105P004,98,1.3,98.0,0.3,0.3,,,〇
105P005,95.4,0.0,95.4,0.7,4.0,,,〇
105P006,83.6,13.7,83.6,2.6,0.0,,,〇
105P007,92.6,5.8,1.0,92.6,0.7,,,〇
105P008,99.8,0.0,0.2,0.0,99.8,,,〇
105P009,97.9,1.5,0.7,0.0,97.9,,,〇
105P010,91.9,2.3,91.9,3.0,2.8,,,〇
105P011,97.4,97.4,1.8,0.3,0.5,,,〇
105P012,99.7,0.2,0.0,0.2,99.7,,,〇
105P013,86.3,3.1,86.3,0.3,10.2,,,〇
105P014,79.3,17.2,2.6,79.3,0.8,,,〇
105P015,99,0.0,0.2,0.8,99.0,,,〇
105P016,98.2,0.2,0.0,1.7,98.2,,,〇
105P017,97.7,1.2,1.0,0.2,97.7,,,〇
105P018,97.4,2.0,0.0,97.4,0.7,,,〇
105P019,90.7,0.0,0.0,9.3,90.7,,,〇
105P020,99.5,0.2,0.2,99.5,0.2,,,〇
105P021,99,99.0,0.2,0.8,0.0,,,〇
105P022,96.5,96.5,1.0,2.5,0.0,,,〇
105P023,92.1,1.3,92.1,6.6,0.0,,,〇
105P024,85.5,3.6,1.7,9.3,85.5,,,〇
105P025,99.8,0.2,0.0,0.0,0.0,99.8,,〇
105P026,26,34.4,26.0,18.3,21.3,,,×
105P027,49.3,8.9,49.3,10.6,31.2,,,×
105P028,80,4.6,11.4,80.0,4.0,,,〇
105P029,55.7,9.6,7.1,55.7,27.6,,,×
105P030,72.7,5.3,15.0,6.9,72.7,,,〇
105P031,25.6,19.7,25.6,31.1,23.6,,,×
105P032,94.7,94.7,0.3,1.7,3.3,,,〇
105P033,11.3,5.0,3.8,11.3,80.0,,,×
105P034,18.8,8.1,22.5,18.8,50.6,,,×
105P035,99.7,99.7,0.2,0.2,0.0,,,〇
105P036,88.2,0.2,0.2,11.4,88.2,,,〇
105P037,88.9,0.2,88.9,2.1,8.8,,,〇
105P038,90.2,90.2,1.3,0.2,8.3,,,〇
105P039,95.5,0.5,95.5,3.6,0.3,,,〇
105P040,95.4,3.6,0.5,95.4,0.5,,,〇
105P041,66.3,26.4,6.0,66.3,1.3,,,×
105P042,88.6,5.5,88.6,0.8,5.1,,,〇
105P043,99.7,0.0,0.3,99.7,0.0,,,〇
105P044,59.5,59.5,18.8,4.6,17.0,,,×
105P045,91.2,2.0,0.2,91.2,6.6,,,〇
105P046,86.8,4.1,8.6,86.8,0.5,,,〇
105P047,89.3,1.0,5.5,89.3,4.3,,,〇
105P048,93.6,93.6,0.7,1.3,4.5,,,〇
105P049,44,44.0,0.3,32.4,23.3,,,×
105P050,74,4.5,9.4,74.0,12.1,,,〇
105P051,98.5,98.5,0.8,0.7,0.0,,,〇
105P052,70.9,6.1,17.9,70.9,5.1,,,〇
105P053,33.7,51.2,33.7,8.9,6.1,,,×
105P054,88.4,5.0,88.4,3.3,3.3,,,〇
105P055,92.4,92.4,0.3,0.0,7.3,,,〇
105P056,76.7,11.2,76.7,6.0,6.1,,,〇
105P057,90.7,6.8,2.3,90.7,0.2,,,〇
105P058,78.8,4.3,2.8,14.0,78.8,,,〇
105P059,77.2,77.2,16.0,5.0,1.8,,,〇
105P060,33.1,1.0,65.2,33.1,0.7,,,×
105P061,90.7,90.7,9.3,0.0,0.0,,,〇
105P062,96.9,0.5,2.6,0.0,96.9,,,〇
105P063,76.7,21.8,1.2,0.3,76.7,,,〇
105P064,95.9,95.9,2.5,1.0,0.7,,,〇
105P065,98.3,0.2,1.3,0.2,98.3,,,〇
105P066,97.7,1.5,0.0,0.8,97.7,,,〇
105P067,92.1,92.1,5.3,1.8,0.8,,,〇
105P068,71,0.3,2.2,1.2,25.4,71.0,,〇
105P069,97.2,2.3,0.3,0.2,0.0,97.2,,〇
105P070,75.4,2.3,16.0,2.1,75.4,4.1,,〇
105P071,46.1,12.1,46.1,9.9,8.6,23.3,,×
105P072,63.6,24.5,63.6,7.6,3.6,0.7,,×
105P073,39.2,56.2,0.2,1.8,39.2,2.6,,×
105P074,86.3,6.4,1.0,3.1,3.1,86.3,,〇
105P075,85.8,1.5,5.0,85.8,2.5,5.3,,〇
105P076,46.7,11.8,24.0,16.4,1.2,46.7,,×
105P077,60.6,25.5,6.5,2.3,5.1,60.6,,×
105P078,39.4,5.8,7.3,11.4,36.1,39.4,,×
105P079,76.5,0.0,0.5,1.2,21.8,76.5,,〇
105P080,92.7,5.0,0.2,92.7,0.8,1.3,,〇
105P081,54.9,75.3,22.8,21.6,13.1,67.1,,×
105P082,8.9,27.9,19.1,66.0,21.4,65.7,,×
105P083,86.4,92.2,2.6,94.2,0.8,10.1,,〇
105P084,44.8,7.1,22.2,64.0,29.4,77.3,,×
105P085,74.9,1.5,11.6,95.4,12.3,79.3,,〇
105P086,60.2,68.3,91.6,32.1,7.8,0.3,,×
105P087,63,6.8,90.2,23.3,67.9,11.7,,×
105P088,83.1,12.1,84.1,98.7,4.5,0.7,,〇
105P089,75.2,9.4,91.6,82.6,12.6,3.8,,〇
105P090,87.9,2.3,87.9,100.0,0.8,9.0,,〇
105P091,94.5,1.2,3.6,94.5,0.7,,,〇
105P092,35.9,13.1,14.2,35.9,36.8,,,×
105P093,98.8,0.8,0.2,0.2,98.8,,,〇
105P094,41.9,12.6,37.4,41.9,1.0,7.1,,×
105P095,NULL,0.2,0.8,1.5,28.1,69.4,,〇
105P096,82.5,82.5,4.5,4.1,2.3,6.6,,〇
105P097,79.2,1.7,79.2,18.0,1.2,,,〇
105P098,95.5,0.3,4.1,0.0,95.5,,,〇
105P099,99.7,0.2,0.0,0.2,99.7,,,〇
105P100,89.9,1.0,1.8,89.9,7.3,,,〇
105P101,97.5,1.5,0.5,0.5,97.5,,,〇
105P102,92.4,2.1,92.4,4.3,1.2,,,〇
105P103,63,24.0,6.6,7.4,91.9,70.1,,×
105P104,3.1,99.0,76.3,3.4,16.6,4.7,,×
105P105,96,1.0,0.0,2.7,0.3,96.0,,〇
105P106,44.5,,,,,,,×
105P107,98.5,0.3,0.2,1.0,98.5,,,〇
105P108,82.6,9.9,82.6,3.1,4.3,,,〇
105P109,96.4,96.4,0.0,3.3,0.3,,,〇
105P110,96.4,96.4,0.0,0.2,3.5,,,〇
105P111,97.9,0.0,0.5,97.9,1.7,,,〇
105P112,79.5,10.4,2.1,7.9,79.5,,,〇
105P113,97.9,0.3,97.9,0.2,1.7,,,〇
105P114,99.3,0.0,0.0,0.7,99.3,,,〇
105P115,43.7,43.7,5.1,19.2,11.1,20.9,,×
105P116,78.8,1.3,10.1,9.8,78.8,,,〇
105P117,98,0.3,0.0,0.0,1.7,98.0,,〇
105P118,85,8.8,85.0,2.0,4.3,,,〇
105P119,64,22.4,9.5,64.0,4.1,,,×
105P120,98.5,0.3,98.5,1.2,0.0,,,〇
106A001,75.9,1.6,6.1,75.9,16.5,,,〇
106A002,96.9,96.9,0.6,2,0.6,,,〇
106A003,94.2,0.9,0.7,4.1,94.2,,,〇
106A004,98.2,0.1,0.4,98.2,1.2,,,〇
106A005,96.6,1.3,96.6,2,0.1,,,〇
106A006,93.9,93.9,4.6,0.7,0.7,,,〇
106A007,97.6,97.6,0.3,1.7,0.4,,,〇
106A008,94.7,4.4,0.4,94.7,0.5,,,〇
106A009,81,0.4,0.2,18.5,81,,,〇
106A010,65.6,4.2,0.1,30.1,65.6,,,×
106A011,96.7,96.7,0.6,2.1,0.6,,,〇
106A012,88.5,1,88.5,10.1,0.4,,,〇
106A013,98.8,0.2,0.9,98.8,0.1,,,〇
106A014,97.8,0.6,97.8,0.2,1.4,,,〇
106A015,71.3,71.3,5.4,4,19.4,,,〇
106A016,96.6,1.3,0.5,96.6,1.6,,,〇
106A017,91.8,2.7,3.3,2.2,91.8,,,〇
106A018,97.6,0.2,1.3,97.6,0.9,,,〇
106A019,98.9,0.5,98.9,0.6,0,,,〇
106A020,68.9,2,68.9,24.9,4.3,,,×
106A021,98.3,0.9,0.5,98.3,0.2,,,〇
106A022,99.3,0.3,99.3,0.4,0,,,〇
106A023,92.8,92.8,6.6,0.4,0.2,,,〇
106A024,89.5,1.2,5.9,3.3,89.5,,,〇
106A025,88.5,1.9,8.7,0.1,0.8,,,〇
106A026,35.2,26.6,20.4,17.9,35.2,,,×
106A027,42.6,12.9,30.1,14.4,42.6,,,×
106A028,53.8,30.6,53.8,2.5,13.1,,,×
106A029,73.7,73.7,5.8,12.2,8.3,,,〇
106A030,91,3.6,3.7,1.7,91,,,〇
106A031,47.8,17,1.2,47.8,34,,,×
106A032,19.3,19.3,5.2,40.4,35.1,,,×
106A033,43.9,3.7,3.6,43.9,48.8,,,×
106A034,51.7,7.8,22.5,51.7,18,,,×
106A035,80.9,2,5.1,12,80.9,,,〇
106A036,94.3,2.8,2.4,94.3,0.5,,,〇
106A037,96.1,1.4,96.1,1.3,1.2,,,〇
106A038,98.2,0.4,0.4,98.2,1.1,,,〇
106A039,44.8,2.9,45.4,7,44.8,,,×
106A040,96.5,0.3,1.1,96.5,2.2,,,〇
106A041,99.1,99.1,0.4,0.4,0.1,,,〇
106A042,71.3,0.9,23.8,71.3,4,,,〇
106A043,88,88,0.6,0.9,10.5,,,〇
106A044,81.1,0.7,15.8,81.1,2.4,,,〇
106A045,63.6,63.6,6.9,19.6,10,,,×
106A046,67.2,2.9,67.2,28.7,1.2,,,×
106A047,96.7,0.9,1.8,96.7,0.6,,,〇
106A048,17.4,55.2,13.1,14.4,17.4,,,×
106A049,64.7,64.7,7.9,26.7,0.7,,,×
106A050,92.2,92.2,0.9,1.7,5.2,,,〇
106A051,29.9,46.3,29.9,8.3,15.6,,,×
106A052,47.7,47.7,39.8,4.1,8.4,,,×
106A053,86.3,5.8,1.2,6.6,86.3,,,〇
106A054,89.3,5.9,4.1,0.6,89.3,,,〇
106A055,96.7,96.7,0,3,0.4,,,〇
106A056,95.5,95.5,0.6,3.7,0.2,,,〇
106A057,92.3,3.3,1.6,2.7,92.3,,,〇
106A058,62.1,62.1,13.2,9.3,15.4,,,×
106A059,28.8,62.1,28.8,3.5,5.6,,,×
106A060,25.4,25.4,7.2,44.5,22.8,,,×
106A061,69.8,10.7,69.8,5.6,13.9,,,×
106A062,97.6,0.7,0.7,97.6,1,,,〇
106A063,78.7,78.7,2.5,15,3.8,,,〇
106A064,47.8,47.8,16.8,11,24.4,,,×
106A065,92.9,1.9,1.6,92.9,3.6,,,〇
106A066,53.3,2.8,37.5,53.3,6.4,,,×
106A067,93.2,0.4,3.2,3.3,93.2,,,〇
106A068,96.6,96.6,0.1,1.4,1.9,,,〇
106A069,87.5,9.2,1.3,87.5,2,,,〇
106A070,24.5,24.5,31.4,6.8,37.4,,,×
106A071,65.5,18.4,65.5,14.6,1.5,,,×
106A072,61.9,1.4,61.9,0.2,36.4,,,×
106A073,71.2,13.4,6.3,5.3,3.9,,,〇
106A074,90.9,2.4,0.2,1.4,5.1,,,〇
106A075,65.9,0.1,2,19.7,65.9,,,×
106A076,47.7,19.6,47.7,8,7.1,,,×
106A077,52.8,3,24.6,52.8,7.5,,,×
106A078,73.5,25.9,73.5,0.1,0.1,,,〇
106A079,48.2,40.9,48.2,4.3,3.3,,,×
106A080,52.4,1.4,34,2.3,52.4,,,×
106A081,82.6,0.6,82.6,0.8,14.7,,,〇
106A082,37.2,12.5,41.8,34,91.1,,,×
106A083,86.8,2.4,98.2,1.1,88.5,,,〇
106A084,75.8,87.6,7.9,1.3,18,,,〇
106A085,41,6.1,20.5,50.7,84.3,,,×
106A086,42.8,46.5,27.4,20.6,92.9,,,×
106A087,19.5,68.1,24.6,32.2,20.5,,,×
106A088,93,5.3,94,0.6,98,,,〇
106A089,41.2,81.8,4.7,1.7,55.4,,,×
106A090,56.4,81.9,5.7,71.9,30.5,,,×
106A091,29.9,11.2,81.4,49.5,15.6,,,×
106A092,75.8,17.3,4.3,75.8,2.6,,,〇
106A093,92.6,2.2,0.4,4.8,92.6,,,〇
106A094,71.2,11,89.1,81.2,10.7,,,〇
106A095,50.9,50.9,15.6,2.9,30.6,,,×
106A096,95.7,0.3,1.9,95.7,2.2,,,〇
106A097,80.6,5.6,0.2,80.6,6.2,,,〇
106A098,79.1,79.1,0.9,3.3,16.7,,,〇
106A099,44.6,0.8,51.9,44.6,2.7,,,×
106A100,55.5,34.3,1.2,55.5,8.9,,,×
106A101,66.3,0.6,6.5,26.6,66.3,,,×
106A102,88.3,0.1,9.5,2,88.3,,,〇
106A103,59,13.9,59,2.4,10.1,,,×
106A104,60.7,16.4,3.4,19.5,60.7,,,×
106A105,31.4,4.4,22.7,17.3,31.4,,,×
106A106,53.9,0.4,53.9,1.1,44,,,×
106A107,86.2,3.9,3.5,6.3,86.2,,,〇
106A108,83.8,2.6,2.2,11.4,83.8,,,〇
106A109,52.1,0.8,46.6,0.5,52.1,,,×
106A110,94.8,0.9,98.8,4.1,95.8,,,〇
106A111,79.4,0.1,9.2,91.7,11.8,,,〇
106A112,27.5,56.6,57.9,45.3,18.5,,,×
106A113,97.6,0.4,1.1,97.6,0.9,,,〇
106A114,95.9,3.7,0.3,95.9,0.2,,,〇
106A115,94,0.2,5.3,94,0.5,,,〇
106A116,96.8,0.4,96.8,2,0.7,,,〇
106A117,59.1,20.5,59.1,4.1,16.3,,,×
106A118,95.5,0.2,4.1,0.2,95.5,,,〇
106A119,78.8,1.1,12,8.1,78.8,,,〇
106A120,69.4,1.2,10.9,11.8,6.8,,,×
106P001,97,0.6,0.9,97,1.5,,,〇
106P002,80.4,5.4,80.4,13.8,0.4,,,〇
106P003,66,3.5,20.1,66,10.4,,,×
106P004,71.3,2.1,25.1,1.4,71.3,,,〇
106P005,68.4,11.5,18.8,68.4,1.2,,,×
106P006,91.8,0.2,1.4,6.6,91.8,,,〇
106P007,99.6,0.2,0,0.2,99.6,,,〇
106P008,99.4,99.4,0.1,0,0.5,,,〇
106P009,92.1,92.1,0.2,1.7,5.9,,,〇
106P010,72.6,0.1,22.8,4.5,72.6,,,〇
106P011,99.5,0.1,0.1,99.5,0.4,,,〇
106P012,87.9,0.2,1.6,10.3,87.9,,,〇
106P013,99.1,0.1,99.1,0.4,0.4,,,〇
106P014,98.8,0.5,98.8,0.6,0.1,,,〇
106P015,97.9,0.4,1.4,0.4,97.9,,,〇
106P016,86.4,1.2,0.3,86.4,12.1,,,〇
106P017,82.4,82.4,11.1,3.3,3.2,,,〇
106P018,98.9,0.6,0.3,98.9,0.2,,,〇
106P019,99.4,99.4,0.1,0.4,0.1,,,〇
106P020,93.8,93.8,5,0.8,0.4,,,〇
106P021,88.4,88.4,8.9,1,1.7,,,〇
106P022,98.9,0.6,98.9,0.1,0.4,,,〇
106P023,98.9,0.2,0.5,0.4,98.9,,,〇
106P024,95.9,1.1,95.9,1.8,1.2,,,〇
106P025,99.5,0.1,99.5,0,0.4,,,〇
106P026,97.8,97.8,0.6,0.4,1.2,,,〇
106P027,87.9,3,5,87.9,4.2,,,〇
106P028,27.4,2.8,27.1,27.4,42.8,,,×
106P029,31.9,35.4,31.9,15.1,17.6,,,×
106P030,97.5,97.5,1.7,0.2,0.6,,,〇
106P031,60.2,5.1,12.7,21.9,60.2,,,×
106P032,28,12.2,28,34.7,25.1,,,×
106P033,65.7,1.1,1.1,32.2,65.7,,,×
106P034,97.5,0.2,0.3,97.5,1.9,,,〇
106P035,79.9,79.9,16.2,3.5,0.4,,,〇
106P036,74.9,74.9,13.5,7.6,4.1,,,〇
106P037,96.4,0.4,3,96.4,0.2,,,〇
106P038,84.3,12,1.2,84.3,2.5,,,〇
106P039,99.1,0.4,99.1,0.3,0.2,,,〇
106P040,71.6,2.9,71.6,1.2,24.3,,,〇
106P041,78.7,78.7,4,8.3,8.9,,,〇
106P042,91.5,2.8,5.3,91.5,0.4,,,〇
106P043,94.3,0.1,1.7,3.8,94.3,,,〇
106P044,65.9,5.9,27.8,65.9,0.4,,,×
106P045,93,4,2.8,93,0.2,,,〇
106P046,62.7,1.6,8.2,27.5,62.7,,,×
106P047,94.6,94.6,2.3,1.1,2.1,,,〇
106P048,65.6,2.2,29.4,65.6,2.9,,,×
106P049,94.3,0.2,94.3,5,0.5,,,〇
106P050,80.8,7,7.8,4.4,80.8,,,〇
106P051,56.3,16.2,26.1,1.5,56.3,,,×
106P052,96.9,1.1,1.4,96.9,0.6,,,〇
106P053,78.7,78.7,9.3,11.8,0.2,,,〇
106P054,9.8,39.7,20.8,9.8,29.8,,,×
106P055,98.3,0.4,0.7,0.6,98.3,,,〇
106P056,86.7,5,86.7,5.1,3.3,,,〇
106P057,83.8,4,0.5,11.8,83.8,,,〇
106P058,28.1,4.2,26.2,28.1,41.5,,,×
106P059,40.7,44.7,12.4,40.7,2.2,,,×
106P060,9.9,9.9,57.6,28.3,4.1,,,×
106P061,98,0.1,98,0.5,1.5,,,〇
106P062,85.3,1.9,85.3,11.8,1.1,,,〇
106P063,67.6,2.5,5.4,67.6,24.5,,,×
106P064,81.7,13.5,0.7,81.7,4,,,〇
106P065,95,0.2,4.2,0.3,95,,,〇
106P066,15.2,60.5,13.2,15.2,0.9,,,×
106P067,71.5,11.8,71.5,1.8,4.4,,,〇
106P068,81.7,4.1,0.9,0.9,12.5,,,〇
106P069,92.6,3.2,1,92.6,1.2,,,〇
106P070,66.3,12.4,66.3,2.9,4.3,,,×
106P071,62.4,23.5,0.8,12.4,0.8,,,×
106P072,39,39,2.7,5,0.2,,,×
106P073,93.2,1.1,3.1,3.2,95.9,,,〇
106P074,68.3,9,12.9,13.5,74.5,,,×
106P075,60.1,29.5,73.6,9,85.1,,,×
106P076,27.5,37.3,18.1,59.4,51.5,,,×
106P077,20.2,44.1,8.2,38.4,26.2,,,×
106P078,96.6,0.7,1.6,98.8,1.2,,,〇
106P079,12.6,42.2,46,24.5,54.4,,,×
106P080,88.7,98,90.7,0.9,10,,,〇
106P081,58.3,10.3,99.5,19.6,11.9,,,×
106P082,86,8,87.6,5,10.2,,,〇
106P083,92.2,98.1,0.7,93,2.1,,,〇
106P084,18.2,42.3,77.9,71.6,7.9,,,×
106P085,41.8,64.4,1.2,45.4,16.7,,,×
106P086,87.5,3.7,2.6,9.2,90.7,,,〇
106P087,89.9,1.3,0.7,8.1,91.1,,,〇
106P088,86.8,2.6,8.5,87.2,2.3,,,〇
106P089,76.1,,,,,,,〇
106P090,72,,,,,,,〇
106P091,45.9,45.9,31.9,3.7,18.6,,,×
106P092,86.2,86.2,4.6,3.8,5.5,,,〇
106P093,95.6,1.1,62,3.4,33.6,,,〇
106P094,95.6,0.1,0.6,3.7,95.6,,,〇
106P095,97,0.7,97,1.9,0.4,,,〇
106P096,72.1,4,72.1,4.3,19.6,,,〇
106P097,62.7,62.7,11.7,5.3,3,,,×
106P098,42,42,16.8,24.4,15.9,,,×
106P099,79.2,1.5,17.7,0.1,1.6,,,〇
106P100,94.4,1.7,2.9,94.4,1,,,〇
106P101,93.7,0.9,93.7,3,2.4,,,〇
106P102,84.3,0.4,9.2,6.1,84.3,,,〇
106P103,98,98,0.7,1.1,0.3,,,〇
106P104,98.8,0.7,0.1,0.4,98.8,,,〇
106P105,61.8,61.8,27.6,8.7,1.9,,,×
106P106,99,0.4,0.3,0.3,99,,,〇
106P107,83.7,83.7,8.2,2.4,5.6,,,〇
106P108,67.8,67.8,26.1,0.1,0.7,,,×
106P109,74.1,13,3.2,74.1,9.7,,,〇
106P110,25.3,2,49.9,25.3,22.8,,,×
106P111,35.9,0.7,63.2,0.1,35.9,,,×
106P112,62.7,7.4,0.7,29.2,62.7,,,×
106P113,87.3,87.3,2,5.6,5.1,,,〇
106P114,99.2,0.5,0.1,0.2,99.2,,,〇
106P115,47.2,0.3,76.2,66,27.3,,,×
106P116,64.4,27.1,64.4,6,2.6,,,×
106P117,96.9,96.9,1.1,0.8,1.2,,,〇
106P118,81,81,0.9,0.2,17.9,,,〇
106P119,74.2,1.3,7.4,17.2,74.2,,,〇
106P120,79.5,10.4,2.3,79.5,0.4,,,〇
107A001,98.5,98.5,0.1,0.2,1.2,,,〇
107A002,44.7,4.3,44.7,21.6,29.5,,,×
107A003,97.4,1.7,0.3,0.7,97.4,,,〇
107A004,73,24.3,1.7,73,0.9,,,〇
107A005,99.4,0.3,99.4,0.2,0.1,,,〇
107A006,95.1,95.1,0.6,3.9,0.4,,,〇
107A007,97.4,1.2,0.3,1.1,97.4,,,〇
107A008,98.1,0.3,0.3,1.3,98.1,,,〇
107A009,52.8,1.6,52.8,18.9,26.7,,,×
107A010,84.2,2.6,1.3,11.9,84.2,,,〇
107A011,47.6,5,8.9,47.6,38.5,,,×
107A012,98.6,0.2,0.7,0.5,98.6,,,〇
107A013,78.9,8.5,78.9,1.8,10.8,,,〇
107A014,98.3,0.7,98.3,0.4,0.5,,,〇
107A015,96.2,0.6,1.5,1.8,96.2,,,〇
107A016,98,0.3,1.4,98,0.3,,,〇
107A017,92.7,0.4,0.2,6.7,92.7,,,〇
107A018,97.3,0.3,0.1,2.3,97.3,,,〇
107A019,96.9,96.9,0.6,1.6,0.8,,,〇
107A020,94.8,1.2,3.5,94.8,0.5,,,〇
107A021,98.7,0.3,0.6,98.7,0.4,,,〇
107A022,90.2,3.8,90.2,5.5,0.5,,,〇
107A023,99.1,0.5,99.1,0.3,0.1,,,〇
107A024,98.3,0.5,0.7,98.3,0.5,,,〇
107A025,91.8,0.2,0.1,0.6,7.3,91.8,,〇
107A026,71.4,10.7,3.6,71.4,14.4,,,〇
107A027,53,10,15.5,21.5,53,,,×
107A028,23,15.4,29.9,31.7,23,,,×
107A029,80.9,80.9,0.8,16.4,1.9,,,〇
107A030,96.1,0.6,96.1,1.1,2.2,,,〇
107A031,83.5,0.4,83.5,16,0.1,,,〇
107A032,62.7,62.7,20.4,10.1,6.8,,,×
107A033,98,0.5,0.3,1.2,98,,,〇
107A034,68.2,68.2,13.1,11.6,7.1,,,×
107A035,99,0.3,0.5,99,0.2,,,〇
107A036,85.7,2.1,10,85.7,2.3,,,〇
107A037,78.1,78.1,0.4,0.5,21,,,〇
107A038,71.8,1.1,8.4,71.8,18.7,,,〇
107A039,92.8,6.1,0.5,0.7,92.8,,,〇
107A040,72.9,7.4,16.6,72.9,3.2,,,〇
107A041,83.1,12.8,2.3,1.7,83.1,,,〇
107A042,84.5,84.5,0.7,14.6,0.2,,,〇
107A043,68.6,6.7,13.4,11.4,68.6,,,×
107A044,96.6,1.4,0.9,1.1,96.6,,,〇
107A045,93.4,2.4,93.4,1.5,2.8,,,〇
107A046,57.5,20.4,6.4,57.5,15.7,,,×
107A047,85.6,0.4,0.5,85.6,13.4,,,〇
107A048,60.3,1.4,1.4,36.8,60.3,,,×
107A049,93.9,2.3,2.5,93.9,1.3,,,〇
107A050,98.2,0.4,0.2,1.3,98.2,,,〇
107A051,93.3,0.6,3.3,93.3,2.8,,,〇
107A052,50.3,50.3,3.3,1.3,45,,,×
107A053,75.2,11.6,2.4,75.2,10.8,,,〇
107A054,96.3,0.1,0.9,96.3,2.6,,,〇
107A055,90.4,3.2,90.4,1.3,5.1,,,〇
107A056,61.7,1.7,61.7,7.6,29,,,×
107A057,96.5,1.6,0.5,1.3,96.5,,,〇
107A058,42.3,9.2,42.3,33.5,15.1,,,×
107A059,66.3,2.2,66.3,6.2,25.2,,,×
107A060,92.8,92.8,6.8,0.1,0.3,,,〇
107A061,77.2,0.4,4.6,17.7,77.2,,,〇
107A062,94.5,1.8,2.7,1,94.5,,,〇
107A063,81.2,5.6,7.1,81.2,6.1,,,〇
107A064,63.6,3.9,0.3,63.6,32.2,,,×
107A065,48.1,44.7,48.1,5.3,1.9,,,×
107A066,92,6.3,0.7,1,92,,,〇
107A067,82.6,2.8,82.6,10,4.6,,,〇
107A068,78,3.3,7.2,5,78,6.5,,〇
107A069,74,0.5,74,7.2,13.4,4.9,,〇
107A070,31.1,31.1,11.1,10.1,38,9.8,,×
107A071,27.2,1.7,4.3,27.2,32.9,33.9,,×
107A072,59.8,59.8,7.7,13.5,6.1,12.9,,×
107A073,70.1,70.1,5.5,4.6,15.4,4.4,,〇
107A074,63.5,26.9,3.7,63.5,4.2,1.7,,×
107A075,83,83,0.9,7.2,2,7,,〇
107A076,54.4,3.6,29.7,54.4,3.7,8.6,,×
107A077,83.3,0.1,0.5,6.4,9.6,83.3,,〇
107A078,93.5,3.2,1.9,93.5,1,0.4,,〇
107A079,45.1,0.7,28.9,0.9,24.3,45.1,,×
107A080,71,0.4,18,71,7.9,2.8,,〇
107A081,96.1,1.5,0.8,0.9,0.8,96.1,,〇
107A082,20.8,61.8,41.4,47.3,28.3,21.2,,×
107A083,4,8.8,33.2,26.9,84,47.1,,×
107A084,97,98.7,2.5,98,0.5,0.2,,〇
107A085,57.8,83.9,71.9,27.1,3.7,13.4,,×
107A086,96.8,0.6,0.8,99.1,2,97.5,,〇
107A087,78.2,0.1,16.7,83.4,94.4,5.4,,〇
107A088,57.1,0.4,76,42,0.8,80.8,,×
107A089,91.8,99.2,92.4,0.7,4.1,3.5,,〇
107A090,82.5,,,,,,,〇
107A091,83.5,83.5,2.2,2.3,9.9,2.2,,〇
107A092,90.1,1.2,0.6,94,95.9,8.2,,〇
107A093,92.4,0.8,1,97.3,5.9,95,,〇
107A094,96.4,2.9,96.4,0.4,0.3,,,〇
107A095,97.5,0.2,1.2,1.2,97.5,,,〇
107A096,94.6,0.4,3.6,1.4,94.6,,,〇
107A097,45.5,11.5,42.3,45.5,0.7,,,×
107A098,90.9,0.4,90.9,6,2.6,,,〇
107A099,88.1,0.1,10.7,88.1,1,,,〇
107A100,71.7,4.1,71.7,0.4,23.8,,,〇
107A101,96.1,0.5,0.2,96.1,3.2,,,〇
107A102,95.2,0.1,2.8,95.2,1.9,,,〇
107A103,89.5,0.4,89.5,9.5,0.7,,,〇
107A104,51.9,1.5,42.4,4.2,51.9,,,×
107A105,84.6,0.2,12.4,2.8,84.6,,,〇
107A106,99.1,99.1,0.3,0.4,0.2,,,〇
107A107,85,12.2,2.1,0.7,85,,,〇
107A108,90,90,6.8,2.9,0.3,,,〇
107A109,74.5,1.5,6.1,74.5,17.9,,,〇
107A110,99.3,99.3,0.1,0.1,0.4,,,〇
107A111,98.2,0.4,0.1,1.3,98.2,,,〇
107A112,97.5,0.6,1.5,97.5,0.4,,,〇
107A113,98.8,0.6,0.3,0.3,98.8,,,〇
107A114,69.8,69.8,1,21.7,7.5,,,×
107A115,68,18.6,68,13.2,0.3,,,×
107A116,84.4,14.7,84.4,0.7,0.3,,,〇
107A117,70.7,10.1,14,5.3,70.7,,,〇
107A118,93.5,4,93.5,1.8,0.7,,,〇
107A119,55.9,55.9,9.1,15.7,19.4,,,×
107A120,96.7,1,96.7,1.3,1,,,〇
107P001,96.5,2.1,0.6,96.5,0.8,,,〇
107P002,92,6.5,92,1.4,0.1,,,〇
107P003,82.7,6.8,1.1,82.7,9.4,,,〇
107P004,81.6,1,3.1,14.2,81.6,,,〇
107P005,70.8,26.1,1.4,1.7,70.8,,,〇
107P006,94.8,0.9,2.6,1.7,94.8,,,〇
107P007,94.4,94.4,1.7,2,2,,,〇
107P008,97.5,0.3,0.7,97.5,1.5,,,〇
107P009,99.3,0.3,99.3,0.4,0.1,,,〇
107P010,91.6,1.3,1.5,91.6,5.7,,,〇
107P011,99.4,0.2,0.3,99.4,0.1,,,〇
107P012,74.4,74.4,5.2,10.1,10.2,,,〇
107P013,92.7,2.1,4.6,0.6,92.7,,,〇
107P014,97.9,1.4,97.9,0.5,0.1,,,〇
107P015,99.3,0.3,0.2,99.3,0.2,,,〇
107P016,79.3,8,6.2,79.3,6.5,,,〇
107P017,98.2,0.6,98.2,0.8,0.4,,,〇
107P018,95.6,2.4,95.6,1.6,0.5,,,〇
107P019,99.3,0.1,0.3,99.3,0.3,,,〇
107P020,98.4,0.6,98.4,0.3,0.7,,,〇
107P021,96.9,2.3,96.9,0.5,0.3,,,〇
107P022,NULL,34.7,9.4,3,53,,,〇
107P023,79.9,7.5,9.4,79.9,3.2,,,〇
107P024,NULL,8.6,67.5,5.3,18.6,,,〇
107P025,97,0.3,0.7,1.7,97,0.3,,〇
107P026,59.5,59.5,2.1,14,24.4,,,×
107P027,52.7,2.1,11,52.7,34.2,,,×
107P028,80.9,8.3,5.7,5.1,80.9,,,〇
107P029,37.2,3,29.1,30.7,37.2,,,×
107P030,59.7,27.8,3,59.7,9.5,,,×
107P031,72.6,5.9,3.2,72.6,18.3,,,〇
107P032,47,47,12.4,18.9,21.7,,,×
107P033,88,6.6,0.3,5.2,88,,,〇
107P034,92.5,5.6,0.9,1,92.5,,,〇
107P035,88.6,0.2,3.5,88.6,7.7,,,〇
107P036,86.8,10.4,1.6,1.2,86.8,,,〇
107P037,90.2,8.2,0.7,90.2,0.8,,,〇
107P038,27.3,27.3,27.3,34.2,11.2,,,×
107P039,84.8,8.4,3.3,84.8,3.5,,,〇
107P040,97.4,1.2,0.9,0.5,97.4,,,〇
107P041,90.5,1.3,1.4,6.9,90.5,,,〇
107P042,70.4,11.5,16.5,70.4,1.6,,,〇
107P043,72.9,20.7,6,0.4,72.9,,,〇
107P044,58.5,23.3,58.5,2.6,15.6,,,×
107P045,29.6,14.2,29.6,15,41.2,,,×
107P046,59.3,22,8.6,10,59.3,,,×
107P047,70.2,24.3,3.8,70.2,1.7,,,〇
107P048,35.7,50.9,0.9,12.4,35.7,,,×
107P049,75.2,9.5,75.2,10.2,5.1,,,〇
107P050,92.6,4.6,1,1.9,92.6,,,〇
107P051,10.1,69,10.1,7,13.9,,,×
107P052,37.9,19.5,21.8,20.8,37.9,,,×
107P053,91.1,91.1,6.2,1.2,1.5,,,〇
107P054,94.9,4.1,0.4,94.9,0.6,,,〇
107P055,82.1,82.1,8.9,3.8,5.2,,,〇
107P056,78.5,78.5,14.3,3.4,3.8,,,〇
107P057,65.6,6.3,11.1,65.6,17,,,×
107P058,41.6,18.8,18.4,21.3,41.6,,,×
107P059,76.8,3.7,2.9,16.7,76.8,,,〇
107P060,84.6,84.6,9.5,4.4,1.6,,,〇
107P061,88.8,5.3,0.4,5.5,88.8,,,〇
107P062,25.4,0.8,25.4,57.8,16,,,×
107P063,57.5,6.1,20,16.4,57.5,,,×
107P064,86.6,86.6,0.2,3.9,9.3,,,〇
107P065,25.2,1.6,2.6,70.6,25.2,,,×
107P066,85.6,5.5,85.6,8.1,0.8,,,〇
107P067,98.3,0.3,0.6,0.8,98.3,,,〇
107P068,98.5,0.3,0.6,98.5,0.7,,,〇
107P069,74.8,1.5,8.4,74.8,15.3,,,〇
107P070,77.2,1.7,18.8,77.2,1.1,1.2,,〇
107P071,48.5,1.5,1.9,1.8,46.2,48.5,,×
107P072,76.2,0.4,0.6,76.2,1.6,21.2,,〇
107P073,84,5,2.6,3.3,5.1,84,,〇
107P074,37.1,10.9,25.4,37.1,6.2,20.5,,×
107P075,76.5,0.5,76.5,1.8,0.6,20.7,,〇
107P076,23.4,13.8,12.6,23.4,16.9,33.2,,×
107P077,73,0.8,8.8,14.9,73,2.5,,〇
107P078,89.4,0.4,89.4,4.8,4.1,1.3,,〇
107P079,86.2,0.3,4.7,86.2,8.4,0.4,,〇
107P080,64.5,64.5,14.4,12.3,3.1,5.8,,×
107P081,77.1,7.3,3.5,8.3,77.1,3.8,,〇
107P082,89.3,89.3,4.9,2.6,0.4,2.8,,〇
107P083,56.6,94.7,29.6,11.5,5.2,59,,×
107P084,49.8,38.3,70.2,12.9,3.3,75.3,,×
107P085,97.4,0.9,0.6,98.2,99.1,1.3,,〇
107P086,71.7,5.6,16.8,97.9,6.6,73,,〇
107P087,15.3,24.6,70.9,25,23.8,55.8,,×
107P088,69.7,20.7,83,85.9,9.6,0.8,,×
107P089,56.3,35,74.1,79.7,9.5,1.8,,×
107P090,68.2,,,,,,,×
107P091,64,15.1,20.1,0.8,64,,,×
107P092,84.6,84.6,0.7,5.4,9.3,,,〇
107P093,93.8,93.8,0.4,5.4,0.4,,,〇
107P094,62.2,20.4,8.4,9,62.2,,,×
107P095,72.3,0.6,72.3,0.8,20.2,6.1,,〇
107P096,82.7,82.7,9.2,7.5,0.6,,,〇
107P097,58.7,27.4,58.7,11.1,1.4,1.4,,×
107P098,94.7,94.7,0.4,0.4,4.5,,,〇
107P099,99.2,0.3,0.2,99.2,0.3,,,〇
107P100,75,75,23.9,1,0.1,,,〇
107P101,79.7,0.3,11.5,79.7,4.3,4.2,,〇
107P102,98.1,0.2,98.1,0.1,1.5,,,〇
107P103,81.1,1.2,3.4,1,13.3,81.1,,〇
107P104,82.8,82.8,0.5,0.6,16.1,,,〇
107P105,36.6,15.4,36.6,26.1,21.8,,,×
107P106,92.3,3.7,1.6,92.3,2.5,,,〇
107P107,67.3,30.6,0.1,2,67.3,,,×
107P108,97.8,0.3,0.1,1.8,97.8,,,〇
107P109,97.4,97.4,1,1,0.7,,,〇
107P110,97.8,0.3,0.3,1.6,97.8,,,〇
107P111,57.1,0.6,41.7,57.1,0.6,,,×
107P112,87.8,0.7,3.1,87.8,8.3,,,〇
107P113,56.8,56.8,5.3,34.8,3.2,,,×
107P114,41.1,41.1,4.9,0.8,53.2,,,×
107P115,43.9,14.9,27,43.9,14.1,,,×
107P116,45.2,45.5,45.2,2.7,6.7,,,×
107P117,71.6,2.1,12.9,71.6,13.4,,,〇
107P118,82.7,10.5,3.9,2.8,82.7,,,〇
107P119,96.1,2.1,0.5,96.1,1.3,,,〇
107P120,54.2,54.2,42.4,2.4,1,,,×
108A001,91.8,91.8,7,0.9,0.3,,,〇
108A002,96.9,1.7,0.7,96.9,0.7,,,〇
108A003,65.1,5.7,27.1,2.1,65.1,,,×
108A004,98.7,98.7,0.8,0.2,0.4,,,〇
108A005,NULL,46.9,52.6,0.2,0.3,,,〇
108A006,99.2,0.3,99.2,0.4,0.2,,,〇
108A007,91.3,0.6,1.9,6.2,91.3,,,〇
108A008,97.1,97.1,0.3,2,0.7,,,〇
108A009,98.3,0.3,0.6,98.3,0.8,,,〇
108A010,67.8,0.3,25.5,67.8,6.4,,,×
108A011,80.4,0.4,18.9,80.4,0.3,,,〇
108A012,87.9,2.1,87.9,8.9,1.1,,,〇
108A013,98.9,0.2,98.9,0.5,0.4,,,〇
108A014,94.9,0.6,2.8,94.9,1.7,,,〇
108A015,83,3.7,83,1.8,11.5,,,〇
108A016,98.7,0.8,0.4,98.7,0.1,,,〇
108A017,71.7,71.7,2,14,12.3,,,〇
108A018,94.4,1.4,2.8,1.4,94.4,,,〇
108A019,99.4,99.4,0.1,0.3,0.2,,,〇
108A020,83.3,0.3,9.3,83.3,7.2,,,〇
108A021,98.1,0.2,0.7,98.1,0.9,,,〇
108A022,99.2,0.2,0.1,0.4,99.2,,,〇
108A023,67.3,4.8,2.2,67.3,25.7,,,×
108A024,88.2,5.3,3.8,2.2,88.2,0.5,,〇
108A025,97.5,0.4,0.3,0.4,1.4,97.5,,〇
108A026,26,26,18.3,12.8,42.9,,,×
108A027,84.9,5.7,2.1,7.3,84.9,,,〇
108A028,64.6,64.6,6.7,6.1,22.6,,,×
108A029,57.6,57.6,3,33,6.4,,,×
108A030,94.9,0.2,4.5,94.9,0.4,,,〇
108A031,47.9,7.3,34.7,47.9,10.1,,,×
108A032,88.9,2.7,88.9,7.6,0.8,,,〇
108A033,39.4,39.4,26.7,19,15,,,×
108A034,26.9,10.3,26.9,35,27.7,,,×
108A035,89.3,89.3,0.4,0.5,9.7,,,〇
108A036,88.9,88.9,3,1.7,6.3,,,〇
108A037,98.8,0.3,0.5,98.8,0.4,,,〇
108A038,61.5,23.4,5.8,9.3,61.5,,,×
108A039,99.5,99.5,0.1,0.1,0.2,,,〇
108A040,41.9,41.9,32.1,19.5,6.5,,,×
108A041,93.1,1.2,93.1,2.8,2.9,,,〇
108A042,63,6.6,7.8,22.5,63,,,×
108A043,61.1,14.1,9,15.7,61.1,,,×
108A044,64,0.2,35.4,64,0.3,,,×
108A045,96.6,96.6,0.3,0.4,2.6,,,〇
108A046,91.2,2.6,2.6,91.2,3.6,,,〇
108A047,87.4,7.3,5.1,87.4,0.2,,,〇
108A048,92.3,0.7,5.6,1.4,92.3,,,〇
108A049,39.2,44.4,39.2,1,15.5,,,×
108A050,93,3.7,93,0.8,2.5,,,〇
108A051,75.2,20.1,4.3,75.2,0.3,,,〇
108A052,96.8,0.2,0.8,96.8,2.2,,,〇
108A053,96.8,1.7,0.1,1.5,96.8,,,〇
108A054,97.3,0.6,1.3,97.3,0.8,,,〇
108A055,78.2,10.4,78.2,5.7,5.6,,,〇
108A056,85.9,0.9,85.9,0.7,12.5,,,〇
108A057,98.4,0.1,0.2,1.2,98.4,,,〇
108A058,77.1,5.6,77.1,4.5,12.7,,,〇
108A059,92.5,92.5,7.1,0.3,0.1,,,〇
108A060,71,3.9,17.8,71,7.4,,,〇
108A061,27.1,27.1,18.1,0.4,54.4,,,×
108A062,74.5,74.5,6,9.8,9.6,,,〇
108A063,18.7,65.2,0.8,18.7,15.3,,,×
108A064,97.8,0.3,1.4,97.8,0.5,,,〇
108A065,82,1.1,4.4,82,12.5,,,〇
108A066,98.4,98.4,0.7,0.5,0.4,,,〇
108A067,80.3,12.9,3.3,80.3,3.5,,,〇
108A068,86.8,3.4,86.8,1.7,8.2,,,〇
108A069,29,29,53.5,8,9.5,,,×
108A070,72.2,72.2,3.6,12.6,11.6,,,〇
108A071,90.8,0.4,90.8,0.3,8.5,,,〇
108A072,47.1,0.3,9.3,43.3,47.1,,,×
108A073,81.4,0.8,2.8,81.4,15.1,,,〇
108A074,86.8,1.3,1.2,10.7,86.8,,,〇
108A075,99.4,99.4,0.3,0.2,0.2,,,〇
108A076,98.3,0.4,0.2,98.3,1.1,,,〇
108A077,95.5,95.5,3,1,0.5,,,〇
108A078,93.2,93.2,2.3,1.9,2.6,,,〇
108A079,54.5,6.6,7.9,6.2,24.8,54.5,,×
108A080,82.6,0.5,9.3,3.2,4.3,82.6,,〇
108A081,87.8,5.2,87.8,0.8,0.3,5.9,,〇
108A082,91.8,2.3,1.5,2.9,1.6,91.8,,〇
108A083,36.9,34.5,16.4,77.3,23.2,48.6,,×
108A084,22.8,27.5,55.9,40.2,31.1,45.3,,×
108A085,40.6,54.7,13.1,7.1,80.7,44.4,,×
108A086,15.2,18.5,53.5,53.8,29.5,44.6,,×
108A087,61.4,21.1,20.3,77.4,67.6,13.6,,×
108A088,97.3,98.7,0.5,98.3,0.9,1.6,,〇
108A089,54.8,74.1,34.2,8.9,77,5.8,,×
108A090,91.7,,,,,,,〇
108A091,44.7,33.7,9.1,44.7,12.4,,,×
108A092,90.7,2.4,90.7,0.3,6.5,,,〇
108A093,61.8,2.6,3.1,61.8,32.5,,,×
108A094,60.8,2.9,60.8,5.2,31.1,,,×
108A095,20.2,7.8,29.9,20.2,42,,,×
108A096,68.2,2.2,68.2,2.5,27.1,,,×
108A097,57.8,57.8,6.5,13,22.6,,,×
108A098,99.1,0.1,0.3,0.5,99.1,,,〇
108A099,68,0.4,28.8,68,2.8,,,×
108A100,68.9,98.5,71,21.4,2.1,7,,×
108A101,98,0.3,0.4,1.3,98,,,〇
108A102,93.8,93.8,2.5,1.5,2.3,,,〇
108A103,93.7,0.9,93.7,2.5,2.8,,,〇
108A104,96.8,0.1,0.2,96.8,2.9,,,〇
108A105,91.2,3.9,91.2,0.6,4.2,,,〇
108A106,90.1,90.1,2.3,4.2,3.4,,,〇
108A107,91.6,1.4,91.6,4.3,2.7,,,〇
108A108,89.4,1.1,2.6,7.3,95.3,93.7,,〇
108A109,17.8,2.1,42.4,17.8,37.7,,,×
108A110,92.5,6.9,0.6,56,36.5,,,〇
108A111,69.8,4.2,14.2,12.7,80.9,88,,×
108A112,90.7,5,1.6,2.7,90.7,,,〇
108A113,65.2,65.2,25,0.7,9.1,,,×
108A114,97.8,0.1,1.4,97.8,0.7,,,〇
108A115,60.6,85.9,74.4,38.6,0.5,0.6,,×
108A116,94.5,0.1,0.3,94.5,5.1,,,〇
108A117,94.4,94.4,2.4,2.7,0.4,,,〇
108A118,89.9,3.7,2,89.9,4.4,,,〇
108A119,97.6,0.3,0.2,1.1,97.6,0.8,,〇
108A120,96.9,96.9,2.2,0.1,0.8,,,〇
108P001,98,0.5,98,0.7,0.8,,,〇
108P002,98.8,0.1,1,98.8,0.1,,,〇
108P003,96.8,0.3,96.8,2.8,0.1,,,〇
108P004,99.3,0.2,99.3,0.4,0.1,,,〇
108P005,90.1,6.5,2.8,90.1,0.6,,,〇
108P006,99.4,0.2,0.1,0.3,99.4,,,〇
108P007,94.6,4.1,1.2,94.6,0.2,,,〇
108P008,91.7,4.1,0.3,3.9,91.7,,,〇
108P009,82.7,11,4.7,82.7,1.5,,,〇
108P010,98.9,98.9,0.5,0.1,0.4,,,〇
108P011,96.9,0.2,0.4,96.9,2.5,,,〇
108P012,98.8,0.2,0.9,98.8,0.2,,,〇
108P013,98.8,0.9,98.8,0.3,0.1,,,〇
108P014,69.5,22.8,69.5,1.4,6.3,,,×
108P015,99.1,0.1,0.3,0.5,99.1,,,〇
108P016,86.9,0.9,11.6,86.9,0.6,,,〇
108P017,88.5,88.5,4.2,0.2,7.1,,,〇
108P018,97,0.5,97,2.2,0.3,,,〇
108P019,99.5,99.5,0.2,0.2,0.1,,,〇
108P020,98.4,0.3,0.1,1.2,98.4,,,〇
108P021,96.1,1.7,0.7,1.6,96.1,,,〇
108P022,99,0.2,0.6,99,0.1,,,〇
108P023,89.2,3.5,1.3,6,89.2,,,〇
108P024,97,0.7,1.6,0.2,0.5,97,,〇
108P025,95.7,0.2,0.7,2.7,95.7,0.7,,〇
108P026,24.3,24.3,57.7,5.7,12.3,,,×
108P027,42.2,7.2,19.7,30.9,42.2,,,×
108P028,86.1,9.7,1,3.1,86.1,,,〇
108P029,80.6,16.2,80.6,2.2,1.1,,,〇
108P030,66.1,66.1,0.5,33,0.4,,,×
108P031,45.3,27,23.8,3.9,45.3,,,×
108P032,95.8,0.7,2.8,0.7,95.8,,,〇
108P033,64.1,0.8,11.5,64.1,23.6,,,×
108P034,43.5,2.3,43.5,14.9,39.3,,,×
108P035,23.9,24.5,14.2,23.9,37.3,,,×
108P036,93.6,2.3,3.5,0.5,93.6,,,〇
108P037,77.4,4.5,1.3,77.4,16.8,,,〇
108P038,55.5,26,55.5,18.2,0.4,,,×
108P039,96.2,1.6,1,96.2,1.2,,,〇
108P040,88.5,88.5,1.8,6.3,3.3,,,〇
108P041,99.7,99.7,0.2,0,0.1,,,〇
108P042,48.4,29.3,48.4,18.7,3.6,,,×
108P043,97.7,97.7,0.2,0.4,1.8,,,〇
108P044,92.1,5.6,2,92.1,0.3,,,〇
108P045,86.8,1.6,3.6,7.9,86.8,,,〇
108P046,88.7,0.7,2.6,8,88.7,,,〇
108P047,89.5,89.5,1.5,5.3,3.6,,,〇
108P048,86.2,2.8,3.2,7.8,86.2,,,〇
108P049,75.4,2.8,14.8,75.4,7,,,〇
108P050,97.3,97.3,0.2,0.7,1.9,,,〇
108P051,91.1,1,1.1,6.8,91.1,,,〇
108P052,84.7,5.4,84.7,2.1,7.8,,,〇
108P053,77.5,2,8.6,77.5,11.8,,,〇
108P054,84.7,11.4,2.3,1.6,84.7,,,〇
108P055,55.5,10.5,26.7,55.5,7.3,,,×
108P056,65.9,65.9,12.3,13.7,8,,,×
108P057,76.6,0.9,7.5,15.1,76.6,,,〇
108P058,86,5.8,0.8,86,7.4,,,〇
108P059,84.3,0.4,84.3,10.5,4.8,,,〇
108P060,97,0.7,0.6,1.7,97,,,〇
108P061,49,12.9,49,10.4,27.8,,,×
108P062,69.7,8.9,69.7,3.3,18.2,,,×
108P063,65.4,9.5,0.9,24.2,65.4,,,×
108P064,92.6,0.2,92.6,6.2,1,,,〇
108P065,66.4,31.1,66.4,0.3,2.2,,,×
108P066,96.8,0.2,2.4,0.6,96.8,,,〇
108P067,95.3,1.1,2.1,95.3,1.6,,,〇
108P068,72.1,72.1,16.4,1.4,10.1,,,〇
108P069,98.7,0.6,0.3,0.4,98.7,,,〇
108P070,85.3,12.6,1.2,0.9,85.3,,,〇
108P071,96.5,1.8,96.5,1.1,0.6,,,〇
108P072,38.9,40,14,7.1,38.9,,,×
108P073,39.6,24.5,27.4,39.6,8.5,,,×
108P074,11.1,12.9,5.5,11.1,1.7,68.9,,×
108P075,88.8,1.4,1.1,7.7,88.8,1,,〇
108P076,24.7,13.5,19.9,24.7,36.6,5.3,,×
108P077,89,89,0.7,6.3,2.5,1.5,,〇
108P078,47.1,3.6,47.1,23.4,24,1.8,,×
108P079,62.3,18.8,6.9,6,62.3,6.1,,×
108P080,59.6,0.7,59.6,2.3,14,23.4,,×
108P081,62.1,21.7,62.1,3.9,2.6,9.8,,×
108P082,39.2,8.2,15.5,43.3,41.3,91.6,,×
108P083,64.2,17.3,94.3,68.4,17.8,2.2,,×
108P084,84.9,6.7,99.3,85.4,0.7,7.9,,〇
108P085,45.9,70.1,71.7,38.6,5.7,13.9,,×
108P086,64.7,72.9,8.3,11.9,21.6,85.4,,×
108P087,94,96.8,96.8,0.8,0.7,4.9,,〇
108P088,89.9,9.5,0.5,97.2,0.4,92.4,,〇
108P089,93.1,0.5,94.2,0.9,5.8,98.6,,〇
108P090,68.3,83.7,2.7,83.3,24.8,5.5,,×
108P091,87.1,7.6,87.1,4.4,1,,,〇
108P092,21.9,60.8,3,14.2,21.9,,,×
108P093,71.7,94,2.1,13.2,13.8,76.9,,〇
108P094,84.8,4.1,1.3,97.5,86.9,10.3,,〇
108P095,98.5,0.2,0.1,1.2,98.5,,,〇
108P096,98.4,0.6,0.6,0.3,98.4,,,〇
108P097,32.6,32.6,3.7,29.8,33.9,,,×
108P098,98.8,0.5,99,0.7,0.3,99.5,,〇
108P099,84,0.5,8.7,1.5,5.3,84,,〇
108P100,79.6,6.1,79.6,13.3,1,,,〇
108P101,75.7,75.7,6,0.3,18.1,,,〇
108P102,98.6,1,98.6,0.3,0.2,,,〇
108P103,66.7,15,3.5,5.3,9.5,66.7,,×
108P104,73.4,16.2,6,4.3,73.4,,,〇
108P105,80.8,10.7,2.1,6.3,80.8,,,〇
108P106,90.7,0.5,90.7,1.9,6.9,,,〇
108P107,77.9,6,11.2,4.9,77.9,,,〇
108P108,97.6,0.9,1.1,0.4,97.6,,,〇
108P109,76.7,0.4,76.7,3.6,19.3,,,〇
108P110,70.9,70.9,11.8,16.5,0.9,,,〇
108P111,93.7,93.7,0.2,1.4,4.7,,,〇
108P112,96.9,96.9,0.7,0.1,2.3,,,〇
108P113,98.2,0.4,0.4,1,98.2,,,〇
108P114,38.7,24.8,24.9,11.6,38.7,,,×
108P115,31.4,64.3,2.2,2,31.4,,,×
108P116,66.5,7.8,66.5,4.6,21.1,,,×
108P117,55,55,9.8,27.8,7.4,,,×
108P118,93.1,93.1,5.3,1.3,0.3,,,〇
108P119,93.9,1,93.9,0.8,4.3,,,〇
108P120,96.3,2.5,0.7,96.3,0.4,,,〇
109A001,94.1,0.5,94.1,4.9,0.5,,0.17,〇
109A002,98.1,0.2,1.5,98.1,0.2,,0.06,〇
109A003,99.2,0.2,99.2,0.3,0.3,,0.03,〇
109A004,93.8,93.8,4.3,1.3,0.6,,0.25,〇
109A005,95.3,0.4,95.3,1.2,3.1,,0.20,〇
109A006,92.2,92.2,6.2,0.2,1.4,,0.20,〇
109A007,93.7,1.6,93.7,4.5,0.2,,0.19,〇
109A008,99,99,0.2,0.3,0.4,,0.09,〇
109A009,97.8,0.2,1.7,97.8,0.2,,0.05,〇
109A010,94.4,94.4,3,0.8,1.8,,0.14,〇
109A011,43.5,24.1,28.8,43.5,3.6,,0.17,×
109A012,89.7,4.7,89.7,2.2,3.4,,0.31,〇
109A013,99.1,0.5,99.1,0.3,0.1,,0.04,〇
109A014,93.3,1.4,2,3.3,93.3,,0.13,〇
109A015,95.8,0.3,95.8,3.7,0.2,,0.09,〇
109A016,94.2,1.7,0.9,3.3,94.2,,0.14,〇
109A017,93.3,0.4,3,93.3,3.3,,0.15,〇
109A018,91.4,4.8,91.4,0.7,3.1,,0.14,〇
109A019,95.2,0.5,0.4,95.2,3.9,,0.18,〇
109A020,99.3,0.2,99.3,0.2,0.3,,0.05,〇
109A021,89.9,2.5,2.3,5.3,89.9,,0.27,〇
109A022,62.4,62.4,3,6.2,28.4,,0.37,×
109A023,74,17.7,6.5,1.8,74,,0.27,〇
109A024,79.1,10.6,5,79.1,1.6,3.8,0.08,〇
109A025,99.5,99.5,0.1,0.2,0.1,0.1,0.03,〇
109A026,27.7,15.8,52.4,27.7,4,,-0.05,×
109A027,62.8,8.8,23.2,5.3,62.8,,0.29,×
109A028,38.7,1.7,38.7,20.1,39.4,,0.02,×
109A029,48.5,1.3,48.5,33.5,16.7,,0.36,×
109A030,90.3,2.6,3,90.3,4.1,,0.14,〇
109A031,95.5,0.5,0.8,95.5,3.1,,0.07,〇
109A032,53.4,2.4,31.6,12.5,53.4,,0.31,×
109A033,53.6,14.4,17.1,14.9,53.6,,0.09,×
109A034,79.9,79.9,0.2,19.7,0.2,,0.30,〇
109A035,83.4,83.4,3.5,8.6,4.5,,0.32,〇
109A036,68.4,6.9,18,68.4,6.7,,0.36,×
109A037,87.6,4.3,1.2,87.6,7,,0.10,〇
109A038,78.1,4.2,78.1,4.9,12.8,,0.27,〇
109A039,87.9,0.3,0.6,11.1,87.9,,0.16,〇
109A040,75.7,3.6,75.7,3.8,17,,0.08,〇
109A041,90.7,90.7,0.2,3.5,5.6,,0.24,〇
109A042,63.5,2.6,63.5,6.6,27.3,,0.25,×
109A043,91.4,1.6,6.4,0.6,91.4,,0.18,〇
109A044,68.5,17.2,3.3,68.5,11,,0.38,×
109A045,96.1,1.4,96.1,0.6,1.9,,0.20,〇
109A046,17.5,17.5,28.9,8.7,44.9,,0.14,×
109A047,90.5,7.3,0.5,1.7,90.5,,0.27,〇
109A048,79.8,79.8,16.5,1.2,2.4,,0.39,〇
109A049,38.6,1.1,38.6,30.3,30,,0.12,×
109A050,65.9,4.4,1.9,65.9,27.7,,-0.01,×
109A051,96.3,0.3,2.8,0.5,96.3,,0.16,〇
109A052,54.8,23.6,11.7,54.8,10,,0.27,×
109A053,84.4,8.8,26.4,58,6.7,,0.09,〇
109A054,90.3,0.9,3.6,5.2,90.3,,0.22,〇
109A055,81.3,81.3,1.1,16.9,0.7,,0.01,〇
109A056,50.5,16.9,8.2,24.3,50.5,,0.28,×
109A057,68.9,0.3,5.2,68.9,25.6,,0.23,×
109A058,54.9,54.9,42.1,1.7,1.3,,0.24,×
109A059,56.3,56.3,29.2,5,9.5,,0.32,×
109A060,83.1,6.5,7.1,3.3,83.1,,0.16,〇
109A061,92.5,92.5,2.3,1.7,3.4,,0.17,〇
109A062,57.3,1.2,8.2,57.3,33.3,,0.12,×
109A063,92.5,1.8,0.4,5.2,92.5,,0.21,〇
109A064,91,6.8,91,1.4,0.8,,0.13,〇
109A065,75.4,75.4,3.8,9.6,11.3,,0.23,〇
109A066,88.6,88.6,4.2,6.8,0.4,,0.23,〇
109A067,96.1,0.4,96.1,0.3,3.1,,0.06,〇
109A068,96.2,0.2,0.1,3.5,96.2,,0.14,〇
109A069,68.1,68.1,28.6,2.9,0.5,,0.24,×
109A070,71.6,71.6,4.9,11.8,11.7,,0.24,〇
109A071,92.4,0.3,1.3,6,92.4,,0.15,〇
109A072,25.5,16.9,50.9,6.8,25.5,,0.23,×
109A073,53.8,28.9,53.8,14.5,2.8,,-0.12,×
109A074,16.1,16.1,63.3,1.1,19.5,,0.12,×
109A075,78.1,0.5,78.1,1.4,20.1,,0.18,〇
109A076,35.8,10.9,35.8,34.7,10.4,8.2,0.25,×
109A077,30.3,30.3,19.8,14.6,7.2,28.1,0.27,×
109A078,86.1,0.8,0.9,86.1,8.8,3.5,0.34,〇
109A079,66.2,12.4,8.3,7.2,66.2,5.9,0.23,×
109A080,90.1,90.1,1.1,5,1.7,2,0.17,〇
109A081,43.4,90.4,50.5,2.6,29.1,27.3,0.26,×
109A082,51.9,32,62.8,10,86,9.3,0.38,×
109A083,77.5,3,13.7,6.6,96.5,80.2,0.38,〇
109A084,36.6,31.4,54.8,19.5,19.4,74.9,0.26,×
109A085,NULL,33.4,36.3,60.4,52.1,17.8,0.12,〇
109A086,24.1,6.6,61.7,8.3,64.8,58.6,0.23,×
109A087,85.3,92.4,12.9,1,91.6,2.1,0.25,〇
109A088,68.7,21.5,96.7,9,2.2,70.6,0.31,×
109A089,12.4,30.5,68.7,42.4,34.9,23.6,0.13,×
109A090,77.5,1.9,82.4,18.5,94.1,3.1,0.27,〇
109A091,67,81.2,10.1,83.5,14,11.2,0.47,×
109A092,97.2,2.1,0.2,0.5,97.2,,0.10,〇
109A093,85.8,8.3,5.7,85.8,0.3,,0.12,〇
109A094,98.1,0.4,1,98.1,0.5,,0.08,〇
109A095,94.7,2.8,94.7,1.6,1,,0.21,〇
109A096,35.3,14.5,35.3,1.2,48.9,,0.40,×
109A097,92.4,92.4,1.6,2.2,3.8,,0.14,〇
109A098,92.4,0.6,92.4,2.3,4.7,,0.20,〇
109A099,95.3,95.3,3,1.6,0.1,,0.05,〇
109A100,95.2,0.3,3.9,95.2,0.6,,0.08,〇
109A101,98.5,98.5,0.3,1.1,0.1,,0.09,〇
109A102,93,1.4,3.2,93,2.4,,0.18,〇
109A103,8.7,7.7,10.7,82.6,2.7,96.3,0.08,×
109A104,98,0.7,0.4,0.9,98,,0.09,〇
109A105,73.3,5.3,0.8,73.3,20.6,,0.30,〇
109A106,97.5,1.5,97.5,0.7,0.2,,0.12,〇
109A107,83.3,1,8.3,83.3,7.4,,0.26,〇
109A108,99.3,0.2,0.1,0.3,99.3,,0.03,〇
109A109,86.6,86.6,5.5,4.8,3,,0.27,〇
109A110,72.7,72.7,0.9,2.6,23.8,,0.22,〇
109A111,71.6,0.9,9.2,11.4,71.6,6.9,0.37,〇
109A112,88.7,4.5,5.9,88.7,0.8,,0.16,〇
109A113,61.2,61.2,37.8,0.2,0.8,,0.22,×
109A114,63.1,0.5,2.5,34,63.1,,0.12,×
109A115,70.3,25,4.1,0.6,70.3,,0.07,〇
109A116,84.4,1.5,1.7,12.4,84.4,,0.19,〇
109A117,98.8,0.3,0.6,98.8,0.3,,0.06,〇
109A118,60.8,13,19.2,60.8,7,,0.15,×
109A119,92.1,92.1,3.1,3.3,1,0.4,0.07,〇
109A120,92.8,92.8,6,0.7,0.5,,0.13,〇
109P001,99.1,0.4,0.4,99.1,0.2,,0.05,〇
109P002,95.5,0.5,3.4,95.5,0.6,,0.14,〇
109P003,90.4,1.5,90.4,5.5,2.7,,0.19,〇
109P004,99,99,0.5,0.3,0.3,,0.08,〇
109P005,98.1,0.3,0.5,1.1,98.1,,0.07,〇
109P006,82.5,8.1,4.8,4.6,82.5,,0.29,〇
109P007,73.1,0.3,10.8,73.1,15.8,,0.29,〇
109P008,93.5,93.5,0.3,1.4,4.8,,0.27,〇
109P009,99.3,0.2,0.2,99.3,0.3,,0.04,〇
109P010,98.9,0.8,98.9,0.2,0.1,,0.07,〇
109P011,88.4,6.1,88.4,2.1,3.4,,0.25,〇
109P012,88.5,1.5,2.6,88.5,7.4,,0.29,〇
109P013,97.8,1.4,97.8,0.6,0.2,,0.16,〇
109P014,78.4,7.8,78.4,0.7,13.1,,0.36,〇
109P015,80.6,80.6,1.1,9.3,9,,0.12,〇
109P016,97.9,0.2,0.1,1.8,97.9,,0.00,〇
109P017,91.2,91.2,0.7,4.1,4,,0.14,〇
109P018,34.7,8,34.7,33.3,24,,0.27,×
109P019,99.6,99.6,0.1,0.1,0.2,,0.04,〇
109P020,98.4,0.4,98.4,0.5,0.8,,0.07,〇
109P021,99.3,0.2,0.4,99.3,0.1,,0.03,〇
109P022,90,1.9,90,3.2,4.9,,0.25,〇
109P023,97.7,0.2,0.1,2,97.7,,0.08,〇
109P024,96.8,96.8,0.3,0.2,2.8,,0.13,〇
109P025,92.5,0.2,6.2,92.5,1.1,,0.13,〇
109P026,60.2,14.6,60.2,19.8,5.4,,0.08,×
109P027,71.7,11.5,71.7,11.8,4.9,,0.24,〇
109P028,43.9,43.9,27.9,6.2,22,,0.42,×
109P029,89.7,89.7,2.1,7.3,0.8,,0.28,〇
109P030,45.3,21.2,45.3,30.7,2.8,,0.08,×
109P031,83.3,1.5,3.8,83.3,11.4,,0.21,〇
109P032,86.4,8.5,86.4,0.6,4.4,,0.21,〇
109P033,63,13.9,15,8.1,63,,0.19,×
109P034,72.3,18.1,3.4,72.3,6.2,,0.41,〇
109P035,14.8,1.8,14.8,79,4.5,,0.02,×
109P036,43.5,9.2,25.9,43.5,21.4,,0.23,×
109P037,81.7,3.6,14.1,0.7,81.7,,0.17,〇
109P038,99.1,0.2,0.2,0.5,99.1,,0.03,〇
109P039,88.2,88.2,0.9,6.4,4.5,,0.26,〇
109P040,59.6,6.5,59.6,7.7,26.2,,0.27,×
109P041,94.8,94.8,2.3,1.8,1.1,,0.24,〇
109P042,87.9,87.9,0.7,10.8,0.6,,0.31,〇
109P043,87.9,2.7,87.9,8,1.4,,0.25,〇
109P044,99.1,0.4,0.3,99.1,0.2,,0.05,〇
109P045,94.8,94.8,1.5,2.6,1,,0.17,〇
109P046,92.4,0.2,7,0.4,92.4,,0.15,〇
109P047,95.2,1.4,0.5,95.2,2.9,,0.16,〇
109P048,97,97,0.1,0.5,2.4,,0.12,〇
109P049,50.3,50.3,6.4,11.3,32,,0.18,×
109P050,84.2,84.2,1.3,1,13.4,,0.20,〇
109P051,74.1,11.1,74.1,14.2,0.6,,0.34,〇
109P052,95.8,0.3,3.3,95.8,0.6,,0.15,〇
109P053,44.7,26.1,14,15.2,44.7,,0.43,×
109P054,63.9,6.4,19.8,63.9,9.9,,0.21,×
109P055,79.2,6.2,79.2,4.5,10.1,,0.29,〇
109P056,96.2,1.5,2.1,96.2,0.2,,0.18,〇
109P057,48.8,0.8,48.8,11.6,38.8,,0.26,×
109P058,85.6,0.3,5.2,85.6,8.9,,0.27,〇
109P059,84.7,11,0.5,3.9,84.7,,0.18,〇
109P060,97.2,2.2,97.2,0.4,0.1,,0.12,〇
109P061,72.3,72.3,3.5,18.4,5.7,,0.25,〇
109P062,96.6,96.6,0.4,0.8,2.2,,0.13,〇
109P063,87.6,10.6,1.1,0.7,87.6,,0.12,〇
109P064,91.1,3.4,4.8,91.1,0.6,,0.26,〇
109P065,58.4,4.2,31.1,6.3,58.4,,-0.01,×
109P066,60,19.6,60,15.7,4.6,,0.13,×
109P067,98.1,98.1,0.9,0.2,0.7,,0.12,〇
109P068,65.1,4.6,65.1,1.9,28.4,,0.34,×
109P069,91.7,2.9,91.7,3.2,2.3,,0.30,〇
109P070,95.7,0.4,3.7,95.7,0.2,,0.12,〇
109P071,71.6,13.4,5.4,71.6,9.6,,0.37,〇
109P072,58.5,3.4,0.3,37.9,58.5,,0.12,×
109P073,70.1,70.1,10.8,11.9,7.3,,0.30,〇
109P074,92,92,0.2,7.1,0.6,,0.22,〇
109P075,71.3,1.2,16.4,71.3,11.1,,0.17,〇
109P076,88.9,5.7,2.1,3.2,88.9,,0.16,〇
109P077,92.2,92.2,5.1,0.5,2.3,,0.17,〇
109P078,91.9,91.9,3.5,1.5,3,,0.17,〇
109P079,57.5,1.3,7.9,57.5,20.8,12.6,0.43,×
109P080,82.2,0.3,5.5,1,11,82.2,0.24,〇
109P081,58.5,58.5,3.9,4,0.2,33.5,0.27,×
109P082,51.7,51.7,27.9,11.6,7.7,1,0.47,×
109P083,49.1,7.3,12.5,27.1,4.1,49.1,0.33,×
109P084,56.8,9,25.7,5.1,56.8,3.3,0.17,×
109P085,61.4,1.6,23.5,6.1,61.4,7.4,0.25,×
109P086,64,71.5,4.2,91.8,6.5,26,0.22,×
109P087,57.2,20.2,64,11.1,12.7,92,0.26,×
109P088,78.5,6.3,1.8,14.1,89.3,88.6,0.29,〇
109P089,11.9,27.6,63.6,8,53.9,46.8,0.20,×
109P090,85.5,,,,,,0.32,〇
109P091,74.7,12.4,4.8,74.7,8.1,,0.33,〇
109P092,45.3,45.3,3.8,27,23.9,,0.35,×
109P093,16.3,32.8,48.9,16.3,2,,0.13,×
109P094,96,1,2.4,96,0.7,,0.20,〇
109P095,30.7,42.7,4.7,45.5,30.5,76.6,0.33,×
109P096,94.3,3.9,1.1,95.5,98.6,0.8,0.17,〇
109P097,45.7,45.7,2.3,32.3,19.8,,0.42,×
109P098,97.6,0.7,0.2,97.6,1.4,,0.12,〇
109P099,94.5,0.7,0.7,94.5,4.1,,0.16,〇
109P100,99.3,0.2,0.2,0.3,99.3,,0.03,〇
109P101,97.8,97.8,0.4,0.4,1.4,,0.14,〇
109P102,63.8,25.6,9.2,63.8,1.4,,-0.01,×
109P103,79.4,79.4,13.8,6.7,0.1,,0.23,〇
109P104,84.6,2.6,0.6,12.2,84.6,,0.11,〇
109P105,58.5,25,58.5,6.6,9.9,,0.03,×
109P106,98.5,98.5,0.2,0.3,1,,0.11,〇
109P107,69.7,2.7,19.1,8.5,69.7,,0.11,×
109P108,72.8,0.6,1.8,72.8,24.8,,0.41,〇
109P109,91.1,1.3,0.2,7.4,91.1,,0.20,〇
109P110,49.5,49.5,2.7,3.4,44.4,,0.47,×
109P111,62.2,4.9,0.4,62.2,1.7,30.8,0.13,×
109P112,91.5,2.1,1.4,5.3,92.4,98.7,0.28,〇
109P113,61.1,17.3,1.4,20.2,61.1,,0.26,×
109P114,96.9,0.9,96.9,1.6,0.6,,0.17,〇
109P115,90.5,5.4,2.7,90.5,1.4,,0.13,〇
109P116,82.3,8.6,93.9,88.1,6.6,2.8,0.22,〇
109P117,42.3,6.3,34.1,17.3,42.3,,0.23,×
109P118,85.7,1,3.1,85.7,10.1,,0.11,〇
109P119,91.7,1.5,5.5,1.3,91.7,,0.10,〇
109P120,83.3,83.3,0.5,10.6,5.5,,0.16,〇
110A001,98.6,0.7,0.4,98.6,0.2,,0.08,〇
110A002,96.5,0.6,1.5,96.5,1.5,,0.19,〇
110A003,90.6,8.7,0.2,0.5,90.6,,0.25,〇
110A004,98.2,98.2,0.1,0.3,1.4,,0.12,〇
110A005,94.4,1.8,1.3,94.4,2.4,,0.14,〇
110A006,87.1,87.1,5,1.5,6.3,,0.26,〇
110A007,96.9,0.3,0.3,2.5,96.9,,0.06,〇
110A008,90,0.4,90,8.5,1.1,,0.17,〇
110A009,92,0.1,7.1,92,0.8,,0.33,〇
110A010,78.7,0.4,78.7,18.8,2,,0.54,〇
110A011,89.3,1.9,89.3,3.3,5.5,,0.30,〇
110A012,93.5,93.5,2.7,2.7,1.1,,0.22,〇
110A013,98.5,0.2,0.5,98.5,0.8,,0.08,〇
110A014,89.3,1.6,89.3,1,8.2,,0.37,〇
110A015,85.1,5.6,85.1,1.9,7.4,,0.28,〇
110A016,99.2,0.5,99.2,0.3,0.1,,0.05,〇
110A017,93.9,1.5,1.1,3.5,93.9,,0.13,〇
110A018,99.4,0.3,99.4,0.3,0.1,,0.05,〇
110A019,98.5,0.2,1,98.5,0.3,,0.10,〇
110A020,96.6,0.1,0.7,96.6,2.6,,0.11,〇
110A021,99.5,99.5,0.2,0.1,0.2,,0.06,〇
110A022,97.1,0.1,0.3,2.5,97.1,,0.08,〇
110A023,97.3,0.2,0.1,2.3,97.3,,0.05,〇
110A024,99.2,99.2,0.5,0.2,0.2,,0.05,〇
110A025,98.8,0.2,98.8,0.7,0.2,,0.09,〇
110A026,68.6,8.3,6.3,68.6,16.8,,0.14,×
110A027,53.1,17.9,53.1,16.3,12.7,,0.18,×
110A028,79.6,9.7,2.3,8.4,79.6,,0.40,〇
110A029,94.8,94.8,1,0.2,4,,0.03,〇
110A030,82,3.2,0.4,14.3,82,,0.20,〇
110A031,97.7,97.7,1.2,0.9,0.3,,0.16,〇
110A032,99.4,0.3,99.4,0.2,0.1,,0.05,〇
110A033,64.2,4.5,64.2,4.7,26.7,,0.18,×
110A034,53.1,36,4.7,6.3,53.1,,0.29,×
110A035,87.5,2,3.4,87.5,7.2,,0.19,〇
110A036,88.8,2,8.5,88.8,0.7,,0.13,〇
110A037,88.2,88.2,11.5,0.3,0.1,,0.16,〇
110A038,93,1.9,93,0.9,4.1,,0.30,〇
110A039,88.1,4.9,88.1,3.7,3.3,,0.29,〇
110A040,64.4,64.4,20.3,9.8,5.5,,0.24,×
110A041,64.6,18.7,8.2,64.6,8.5,,0.22,×
110A042,89.8,89.8,1.1,8.1,0.9,,0.24,〇
110A043,77.3,4.1,77.3,6.1,12.6,,0.27,〇
110A044,28,50.9,12.7,8.5,28,,0.28,×
110A045,32.3,24.9,41,32.3,1.8,,0.09,×
110A046,67.9,5.7,67.9,11.3,15.2,,0.24,×
110A047,97.7,0.6,0.4,97.7,1.3,,0.17,〇
110A048,73.2,13.3,9.6,3.9,73.2,,0.27,〇
110A049,46.6,46.6,2.6,50.2,0.6,,0.23,×
110A050,65.7,65.7,0.3,25.7,8.3,,0.42,×
110A051,96.4,0.3,96.4,3.1,0.2,,0.08,〇
110A052,66.5,27.8,66.5,5.4,0.2,,0.51,×
110A053,47.1,47.1,41.2,6,5.7,,0.35,×
110A054,90.4,3.6,2.1,3.9,90.4,,0.22,〇
110A055,98.8,98.8,0.3,0.6,0.3,,0.12,〇
110A056,39.1,33.7,13.3,13.9,39.1,,0.16,×
110A057,94.3,1.6,94.3,3.5,0.6,,0.19,〇
110A058,42.9,12.7,24.7,19.7,42.9,,0.19,×
110A059,80.1,9.8,6.6,80.1,3.5,,0.25,〇
110A060,96.2,1.1,1.9,96.2,0.9,,0.09,〇
110A061,85.6,0.2,1,85.6,13.2,,0.19,〇
110A062,63.1,63.1,33.2,1.8,1.9,,0.46,×
110A063,85,2.3,12,0.7,85,,0.28,〇
110A064,99.4,99.4,0.2,0.1,0.2,,0.04,〇
110A065,98.5,0.3,0.4,0.8,98.5,,0.08,〇
110A066,76.5,76.5,0.7,21.4,1.4,,-0.01,〇
110A067,97.1,0.2,0.8,1.9,97.1,,0.18,〇
110A068,94.1,5.3,0.1,0.5,94.1,,0.06,〇
110A069,99.1,0.4,99.1,0.2,0.3,,0.04,〇
110A070,94.2,0.5,4.1,1.3,94.2,,0.15,〇
110A071,65.3,65.3,13.1,11.8,9.8,,0.33,×
110A072,91,91,6.2,0.5,2.3,,0.31,〇
110A073,97.7,0.2,0.3,1.8,97.7,,0.08,〇
110A074,71.6,9,2.3,12.6,4.5,71.6,0.43,〇
110A075,75.2,2.8,3,75.2,3.9,15.2,0.41,〇
110A076,40.7,7.6,40.7,4.2,34.4,13.1,0.36,×
110A077,34.5,34.5,8.3,1.5,34.7,20.9,0.30,×
110A078,18.6,31.6,10.3,19.1,20.5,18.6,0.24,×
110A079,70.7,4.9,9.3,10.5,70.7,4.6,0.41,〇
110A080,97.4,0.4,0.1,97.4,1,1.1,0.13,〇
110A081,92.7,5.7,0.6,92.7,0.9,0.2,0.05,〇
110A082,88.9,0.3,7.4,88.9,3.2,0.2,0.31,〇
110A083,95.4,95.4,1.1,1,0.9,1.5,0.17,〇
110A084,28.9,5.2,37.2,6.1,64.4,87.2,0.23,×
110A085,65.5,15.6,73.6,6.3,87.9,16.5,0.50,×
110A086,38.2,22.2,37.4,28.3,54.5,57.6,0.06,×
110A087,82.4,91.8,1.4,10,5.3,91.6,0.35,〇
110A088,54.7,12.3,26.3,8.1,93.8,59.4,0.24,×
110A089,43,73.2,0.9,0.9,55,70,0.34,×
110A090,78.7,7.6,91.2,7,83.8,10.5,0.39,〇
110A091,59.2,19.5,59.2,1.5,19.8,,0.26,×
110A092,42.2,27,42.2,17.2,5.5,8.2,0.07,×
110A093,95.3,95.3,0.2,0.5,4,,0.25,〇
110A094,75,8.2,75,16.1,0.7,,0.26,〇
110A095,78.6,0.3,2.4,78.6,18.6,,0.31,〇
110A096,46.5,0.8,94.2,40.2,52.9,11.9,0.17,×
110A097,88.7,0.1,0,11.1,88.7,,0.18,〇
110A098,98.7,98.7,0.7,0.2,0.4,,0.10,〇
110A099,98.7,0.4,0.3,0.6,98.7,,0.08,〇
110A100,98.9,98.9,0.7,0.3,0.2,,0.09,〇
110A101,73.7,7.5,18.4,0.4,73.7,,0.21,〇
110A102,65.8,5.9,27.7,0.6,65.8,,0.13,×
110A103,98.5,0.4,0.1,1,98.5,,0.08,〇
110A104,93.3,4.9,0.8,93.3,1.1,,0.19,〇
110A105,91.5,1.2,2.4,91.5,4.9,,0.14,〇
110A106,85.2,85.2,0.5,6.2,8.1,,0.30,〇
110A107,51.8,38.2,51.8,1.9,8.1,,0.31,×
110A108,96.1,96.1,2.5,0.6,0.7,,0.18,〇
110A109,93,93,6.5,0.2,0.3,,0.26,〇
110A110,90.9,7.6,0.1,1.4,90.9,,0.17,〇
110A111,96.5,2.2,0.7,96.5,0.6,,0.17,〇
110A112,98.9,0.1,0.5,98.9,0.6,,0.10,〇
110A113,99.1,0.2,0.3,99.1,0.5,,0.09,〇
110A114,59.9,0.2,38.3,1.6,59.9,,0.11,×
110A115,95.1,1.7,95.1,0.7,2.5,,0.15,〇
110A116,96.1,0.1,1.5,2.3,96.1,,0.11,〇
110A117,70.5,0.7,70.5,3.2,25.6,,0.19,〇
110A118,89.6,97,7.8,1.3,1,92.8,0.22,〇
110A119,79.9,1.9,1.6,79.9,16.6,,0.32,〇
110A120,78.8,3.1,13.1,78.8,4.9,,0.22,〇
110P001,98.1,0.5,98.1,1.3,0.1,,0.15,〇
110P002,97.5,1,0.7,0.9,97.5,,0.11,〇
110P003,94.2,0.3,1.6,94.2,3.9,,0.22,〇
110P004,98.9,0.1,0.8,98.9,0.2,,0.02,〇
110P005,98.1,0.3,0.7,0.9,98.1,,0.10,〇
110P006,90.3,0.7,90.3,5,4,,0.31,〇
110P007,88.7,0.9,88.7,7.5,2.9,,0.30,〇
110P008,99.6,99.6,0.2,0.1,0.1,,0.03,〇
110P009,93.3,0.2,93.3,4.9,1.7,,0.17,〇
110P010,99.4,0.2,99.4,0.3,0.1,,0.04,〇
110P011,96.2,0.8,0.7,96.2,2.3,,0.22,〇
110P012,95.2,0.7,1.7,2.4,95.2,,0.21,〇
110P013,91.6,1.7,91.6,4.5,2.2,,0.32,〇
110P014,98.4,0.4,0.6,98.4,0.5,,0.07,〇
110P015,97.6,97.6,1.7,0.3,0.4,,0.15,〇
110P016,65.2,65.2,2.2,19,13.5,,0.36,×
110P017,97.9,0.9,97.9,0.9,0.2,,0.18,〇
110P018,99.6,0.1,0.2,99.6,0.1,,0.04,〇
110P019,98.3,0.6,0.1,0.9,98.3,,0.11,〇
110P020,99.5,0.1,0.3,99.5,0.1,,0.04,〇
110P021,99.4,0.2,99.4,0.2,0.2,,0.06,〇
110P022,98.7,0.2,0.1,0.9,98.7,,0.06,〇
110P023,82.9,1,0.6,82.9,15.5,,0.13,〇
110P024,73.3,73.3,7.1,0.5,19.2,,0.18,〇
110P025,96.1,0.5,96.1,0.8,1.7,0.8,0.19,〇
110P026,57.9,57.9,17.3,17.7,7,,0.44,×
110P027,18.2,64.8,10.7,18.2,6.2,,0.14,×
110P028,62.1,17.5,16,62.1,4.4,,0.26,×
110P029,61.2,7.6,61.2,24.1,7.2,,0.20,×
110P030,96.4,0.7,96.4,2.3,0.6,,0.18,〇
110P031,84.5,84.5,4.3,1,10.3,,0.01,〇
110P032,29.1,29.1,43.2,22.4,5.3,,0.13,×
110P033,95.7,1.8,1.7,95.7,0.9,,0.06,〇
110P034,66.1,26.9,5.9,1.1,66.1,,0.00,×
110P035,82.9,10.6,4.5,82.9,2,,0.06,〇
110P036,99.5,99.5,0.3,0.2,0,,0.04,〇
110P037,89.8,0.5,89.8,6.5,3.2,,0.11,〇
110P038,61.7,31.7,61.7,2.4,4.2,,0.31,×
110P039,63.6,32.7,1.7,63.6,2,,-0.08,×
110P040,63.3,31.4,5.1,63.3,0.2,,0.08,×
110P041,78.3,10.6,78.3,9,2.1,,0.45,〇
110P042,84.3,3.8,8.1,84.3,3.8,,0.31,〇
110P043,74.1,2.6,0.8,74.1,22.5,,0.27,〇
110P044,91.4,91.4,7.1,1.1,0.4,,0.32,〇
110P045,33.8,44.3,5.7,33.8,16.2,,0.12,×
110P046,91,2.4,0.5,6.1,91,,0.24,〇
110P047,88.9,8.7,88.9,0.6,1.7,,0.17,〇
110P048,98.2,0.7,0.7,98.2,0.4,,0.15,〇
110P049,98.9,0.2,98.9,0.4,0.5,,0.07,〇
110P050,92.1,2.3,0.7,4.9,92.1,,0.02,〇
110P051,53.5,1.1,53.5,0.8,44.6,,0.02,×
110P052,89.9,3.1,3.4,3.7,89.9,,0.05,〇
110P053,77.6,0.4,4.7,77.6,17.3,,0.14,〇
110P054,88.8,5.1,3.8,2.3,88.8,,0.31,〇
110P055,85.5,2.6,6.2,85.5,5.7,,0.36,〇
110P056,50,17.7,50,0.9,31.4,,0.38,×
110P057,29.6,10.5,12.6,29.6,47.4,,0.20,×
110P058,95,0.8,1.5,95,2.7,,0.30,〇
110P059,81.7,4.1,8.4,81.7,5.7,,0.09,〇
110P060,95,1.5,95,2.4,1.1,,0.23,〇
110P061,71,9.9,17.4,1.7,71,,0.53,〇
110P062,56.3,36.3,6.4,56.3,1.1,,0.48,×
110P063,61.9,34,61.9,1.7,2.4,,0.46,×
110P064,70.3,3.3,13.9,70.3,12.4,,0.13,〇
110P065,97,1.3,0.6,1.1,97,,0.08,〇
110P066,98.8,0.6,98.8,0.5,0.1,,0.07,〇
110P067,97.5,0.2,97.5,0.5,1.8,,0.08,〇
110P068,87.7,1.1,9.5,87.7,1.7,,0.32,〇
110P069,87.9,1.6,0.7,9.8,87.9,,0.17,〇
110P070,98.2,1.1,0.2,0.5,98.2,,0.10,〇
110P071,62.7,0.2,62.7,37,0.2,,0.12,×
110P072,97.5,0.7,97.5,1.6,0.3,,0.20,〇
110P073,88.5,0.1,88.5,4.8,4.5,2.1,0.40,〇
110P074,62.4,10.1,23.9,2.5,62.4,1,0.10,×
110P075,68.4,3.7,3.8,4,68.4,20.1,0.33,×
110P076,83.7,1.1,83.7,2.1,2.9,10.3,0.14,〇
110P077,91.6,91.6,1.2,0.3,1.1,5.9,0.36,〇
110P078,62.4,0.1,2.5,0.4,34.5,62.4,0.40,×
110P079,61.5,0.7,1.1,25.4,61.5,11.3,0.44,×
110P080,93.4,0.5,1,3.6,93.4,1.5,0.26,〇
110P081,87.4,2.3,87.4,0.2,5.6,4.4,0.37,〇
110P082,71.2,76.1,17.6,5.1,94.9,6.3,0.34,〇
110P083,8.9,16.5,17.9,75.5,21.6,68.4,-0.12,×
110P084,17.2,5.3,27.9,75.8,36,55.1,0.17,×
110P085,98.3,0.5,99,0.8,99,0.7,0.10,〇
110P086,14.3,29.5,75.8,77.9,7.4,9.4,0.15,×
110P087,28.1,16.7,63.6,58.6,32.1,29,0.32,×
110P088,90.2,92.8,7.2,97.5,1.6,0.9,0.11,〇
110P089,51,40.6,5.5,1.8,89.8,62.3,0.11,×
110P090,85.1,,,,,,0.33,〇
110P091,80.6,0.8,80.6,2.8,15.7,,0.28,〇
110P092,54.3,54.3,12.8,20.4,12.5,,0.51,×
110P093,75.1,3.7,15.7,5.6,75.1,,0.03,〇
110P094,84.7,9,84.7,1.6,4.6,,-0.07,〇
110P095,95.2,95.2,0.6,0.6,0.2,3.3,0.23,〇
110P096,83.1,3.3,1.2,12.5,83.1,,0.38,〇
110P097,67.8,0.9,26.5,4.7,67.8,,0.13,×
110P098,76,11.4,76,10.2,2.5,,0.21,〇
110P099,91.4,0.5,0.2,8,91.4,,0.15,〇
110P100,85.9,3.7,85.9,1.9,8.6,,0.41,〇
110P101,56.7,26.9,6.4,56.7,9.9,,0.22,×
110P102,66.1,66.1,0.4,2.4,31.1,,0.37,×
110P103,91.5,0.3,91.5,6.7,1.5,,0.16,〇
110P104,39.2,55.4,39.2,0.6,4.8,,0.28,×
110P105,98.8,0.3,0.5,98.8,0.4,,0.09,〇
110P106,94,2.4,2.1,1.5,94,,0.03,〇
110P107,67.2,67.2,2,30.1,0.8,,0.41,×
110P108,83.4,1.3,9.9,83.4,5.4,,0.23,〇
110P109,48.7,13.7,48.7,0.8,36.9,,0.20,×
110P110,79.1,79.1,9.9,4.6,6.3,,0.39,〇
110P111,84.5,0.2,2.2,11,84.5,2.2,0.23,〇
110P112,64.8,1.9,77.6,89.7,29.5,1.3,0.41,×
110P113,78,78,13.1,0.2,8.7,,0.29,〇
110P114,92.1,0.5,15.4,7.4,76.7,,0.16,〇
110P115,84.9,1.8,10.5,84.9,2.8,,0.17,〇
110P116,68.2,68.2,1,6,24.7,,0.20,×
110P117,80.9,11.7,1.6,5.8,80.9,,0.15,〇
110P118,48.4,40.2,5.1,48.4,6.3,,0.29,×
110P119,78.3,81.7,1.9,16.5,98.8,1.1,0.33,〇
110P120,98.6,0.3,0.5,0.8,99.3,99.1,0.09,〇
111A001,48.5,2.1,14.6,48.5,34.9,,0.02,×
111A002,93.8,0.8,5.1,93.8,0.4,,0.19,〇
111A003,98.3,0.8,0.4,0.5,98.3,,0.08,〇
111A004,95.2,1.4,95.2,2,1.4,,0.17,〇
111A005,96.2,0.6,0.2,2.9,96.2,,0.14,〇
111A006,99.3,0.5,83.3,16,0.3,,0.05,〇
111A007,81.3,0.3,0.7,81.3,17.7,,0.37,〇
111A008,95.8,2.3,95.8,1.8,0.1,,0.14,〇
111A009,99.2,0.1,0.3,99.2,0.3,,0.05,〇
111A010,99.1,0.3,99.1,0.4,0.2,,0.05,〇
111A011,83.6,6.9,5.4,83.6,4.1,,0.20,〇
111A012,98,0.6,98,0.7,0.6,,0.14,〇
111A013,94.2,3.8,0.3,1.7,94.2,,0.15,〇
111A014,94.3,1.2,94.3,4,0.5,,0.17,〇
111A015,89.1,3.8,89.1,6.8,0.3,,0.15,〇
111A016,98.4,0.2,0.2,1.2,98.4,,0.04,〇
111A017,96.1,1.9,0.4,1.7,96.1,,0.12,〇
111A018,95.2,95.2,3.5,1,0.3,,0.16,〇
111A019,79.2,79.2,0.4,2.1,18.3,,0.08,〇
111A020,98.8,0.6,98.8,0.2,0.5,,0.08,〇
111A021,73.7,7.6,0.5,18.2,73.7,,0.28,〇
111A022,97.7,0.2,0.9,97.7,1.2,,0.09,〇
111A023,94.3,94.3,0.7,0.4,4.6,,0.19,〇
111A024,97.6,0.3,1,97.6,1.1,,0.13,〇
111A025,89.1,2.7,89.1,2.5,2.4,3.4,0.28,〇
111A026,39.4,38.7,39.4,17.9,4,,0.23,×
111A027,69.7,7.1,3.1,20.1,69.7,,0.18,×
111A028,91.1,3,91.1,2.1,3.8,,0.29,〇
111A029,35.3,29.8,16.2,18.7,35.3,,0.26,×
111A030,81.4,3.5,11.1,81.4,3.9,,0.16,〇
111A031,82.5,1.6,2.9,13,82.5,,0.33,〇
111A032,81.1,81.1,12.1,2.8,4,,0.18,〇
111A033,91.2,91.2,1.5,6.8,0.6,,0.18,〇
111A034,84.5,77.7,3.9,6.8,11.6,,0.15,〇
111A035,94.9,94.9,3.2,1.4,0.5,,0.23,〇
111A036,81.1,7.5,81.1,1.5,9.9,,0.12,〇
111A037,65.1,5.9,65.1,28.7,0.4,,0.23,×
111A038,59.4,59.4,2.8,32.8,5,,0.21,×
111A039,97.3,1.4,0.4,1,97.3,,0.10,〇
111A040,97.9,97.9,1.1,0.3,0.7,,0.10,〇
111A041,56.4,56.4,21.9,2.2,19.4,,0.34,×
111A042,98,0.2,1,0.8,98,,0.06,〇
111A043,86.9,0.4,4,8.8,86.9,,0.22,〇
111A044,95.8,0.2,1.4,95.8,2.6,,0.14,〇
111A045,75.1,21.8,1.9,1.2,75.1,,0.34,〇
111A046,83.5,83.5,0.4,13.6,2.6,,0.21,〇
111A047,93.5,1.4,3.1,93.5,1.9,,0.23,〇
111A048,97.4,0.3,97.4,1.7,0.6,,0.14,〇
111A049,98.2,0.7,0.4,0.7,98.2,,0.09,〇
111A050,64.1,2.6,22.3,11,64.1,,0.22,×
111A051,83.2,83.2,3.3,6,7.5,,0.25,〇
111A052,39.2,24.8,21,39.2,15.1,,0.19,×
111A053,71.6,71.6,12.4,5.4,10.6,,0.50,〇
111A054,18.4,54.8,18.4,12.3,14.4,,0.10,×
111A055,97.7,0.8,0.3,1.3,97.7,,0.11,〇
111A056,45.6,45.6,47.5,4.2,2.7,,0.33,×
111A057,64.9,22.7,64.9,8,4.4,,0.11,×
111A058,77.6,3.8,77.6,4.2,14.4,,0.43,〇
111A059,85.9,9.4,3.3,85.9,1.4,,0.14,〇
111A060,98.1,0.3,0.3,98.1,1.3,,0.10,〇
111A061,53.7,16.8,53.7,23.4,6.1,,0.37,×
111A062,36.7,13.2,36.7,29.7,20.4,,0.32,×
111A063,76.7,76.7,7.4,12,3.9,,0.35,〇
111A064,81,14.8,2.2,2.1,81,,0.31,〇
111A065,96.5,1.4,1,1.1,96.5,,0.16,〇
111A066,95.3,95.3,0.2,1.8,2.7,,0.24,〇
111A067,96.3,0.6,96.3,2.4,0.7,,0.12,〇
111A068,97.5,0.2,0.4,2,97.5,,0.13,〇
111A069,98.1,0.6,0.4,98.1,0.9,,0.08,〇
111A070,76.7,2.5,76.7,18,2.8,,0.29,〇
111A071,90.9,90.9,6.6,2.3,0.2,,0.16,〇
111A072,87.3,5.2,1.8,5.7,87.3,,0.21,〇
111A073,98.8,98.8,0.2,0.5,0.5,,0.06,〇
111A074,42.9,42.9,18,23.3,15.8,,0.10,×
111A075,50.2,44.1,5.1,0.5,50.2,,0.32,×
111A076,89.9,1.6,89.9,8,0.5,,0.31,〇
111A077,33.8,2,2.7,56.7,33.8,4.7,0.22,×
111A078,88.1,0.8,0.6,88.1,0.6,9.9,0.29,〇
111A079,85.8,0.5,10.4,85.8,1.5,1.9,0.23,〇
111A080,70.1,16.1,5.3,70.1,0.6,7.9,0.23,〇
111A081,69.8,1.9,69.8,24.5,2.8,0.9,0.32,×
111A082,85.8,4.3,85.8,2.1,2.3,5.5,0.31,〇
111A083,78.6,78.6,8.2,5,1.9,6.4,0.36,〇
111A084,86.4,3.8,6.3,0.9,86.4,2.5,0.28,〇
111A085,80,0.3,3,1.4,80,15.2,0.19,〇
111A086,32.3,14.4,38.5,37.7,21,88.4,0.30,×
111A087,45.8,72.8,27.5,22.5,68,9.3,0.22,×
111A088,57.4,37.9,59.2,1.4,3.7,97.8,0.03,×
111A089,57.4,15.4,17.3,13.1,89.6,64.6,0.40,×
111A090,91.4,,,,,,0.25,〇
111A091,91.5,0.4,6.6,91.5,1.5,,0.17,〇
111A092,93.3,4,93.3,1.2,1.5,,0.13,〇
111A093,71.4,0.7,0.6,27.4,71.4,,0.16,〇
111A094,79.7,79.7,2.7,0.7,16.9,,0.15,〇
111A095,43.4,25.6,9.2,91.4,48.1,25.7,0.20,×
111A096,53.1,85.5,4,42.9,2.7,64.9,0.25,×
111A097,94.8,0.7,94.8,0.7,3.8,,0.19,〇
111A098,79.1,0.9,79.1,16.3,3.8,,0.20,〇
111A099,94.2,94.2,4.4,1.2,0.1,,0.12,〇
111A100,88,4.9,88,4.1,3,,0.29,〇
111A101,97.9,97.9,0.5,0.2,1.5,,0.12,〇
111A102,95.1,1.2,95.1,3.6,0.1,,0.22,〇
111A103,72.9,13.2,5.3,72.9,8.6,,0.34,〇
111A104,83.3,1.1,11.1,83.3,4.5,,0.34,〇
111A105,86.8,86.8,4.2,2.3,6.7,,0.29,〇
111A106,96.6,1.1,2.2,96.6,0.2,,0.14,〇
111A107,91.3,3.4,4.2,1.1,91.3,,0.17,〇
111A108,97.1,0.2,0.4,2.4,97.1,,0.10,〇
111A109,78.7,14.3,78.7,0.3,6.6,,0.30,〇
111A110,77.9,13.8,77.9,6,2.3,,0.22,〇
111A111,93.4,93.4,1.8,3.5,1.4,,0.07,〇
111A112,67.3,0.5,67.3,19.5,12.7,,0.38,×
111A113,98.8,0.3,0.7,98.8,0.2,,0.07,〇
111A114,94.1,94.1,0.6,2.3,3,,0.19,〇
111A115,86.3,4.7,2.4,6.7,86.3,,0.33,〇
111A116,95.9,1.4,0.8,1.8,95.9,,0.16,〇
111A117,96.2,96.2,0.5,0.2,3.1,,0.13,〇
111A118,79.9,79.9,4.7,12.9,2.6,,0.19,〇
111A119,86.9,86.9,0.2,6.5,6.4,,0.22,〇
111A120,94.3,3.9,0.8,1,94.3,,0.18,〇
111P001,76.5,1.8,76.5,19.1,2.6,,0.16,〇
111P002,99,0.2,0.4,0.4,99,,0.08,〇
111P003,99,0.2,99,0.7,0.1,,0.07,〇
111P004,96.6,0.5,2.6,0.3,96.6,,0.16,〇
111P005,97.4,0.3,97.4,2.1,0.1,,0.09,〇
111P006,98.6,0.4,0.7,0.4,98.6,,0.09,〇
111P007,41.4,41.4,57.6,0.8,0.2,,0.26,×
111P008,99.5,99.5,0.4,0.1,0.1,,0.03,〇
111P009,97.4,97.4,2,0.4,0.3,,0.13,〇
111P010,98.1,0.3,0.8,0.8,98.1,,0.10,〇
111P011,98.3,0.7,98.3,0.6,0.4,,0.12,〇
111P012,99.2,0.2,0.4,99.2,0.2,,0.06,〇
111P013,86.7,11.2,0.9,1.2,86.7,,0.32,〇
111P014,94.4,1,94.4,4.1,0.5,,0.23,〇
111P015,95.4,0.8,95.4,0.5,3.2,,0.19,〇
111P016,98.2,0.5,0.5,0.9,98.2,,0.09,〇
111P017,86.2,86.2,12,0.9,0.9,,0.10,〇
111P018,94.4,0.6,2.9,94.4,2.1,,0.26,〇
111P019,85.3,85.3,4.6,2,8.1,,0.33,〇
111P020,98.9,0.2,0.6,98.9,0.3,,0.07,〇
111P021,99.4,99.4,0.1,0.2,0.3,,0.05,〇
111P022,99.4,0.2,0.3,99.4,0.1,,0.04,〇
111P023,96.8,0.7,2.3,0.3,96.8,,0.09,〇
111P024,90.4,4.8,90.4,4.6,0.2,,0.19,〇
111P025,99.3,0.4,99.3,0.2,0.1,,0.03,〇
111P026,77.2,21,77.2,1,0.7,,0.27,〇
111P027,93.5,0.2,0.4,93.5,5.9,,0.25,〇
111P028,46,3.1,4.4,46,46.6,,0.11,×
111P029,31.8,31.8,24.8,14,29.4,,0.12,×
111P030,23.7,32.2,36.9,7.2,23.7,,0.01,×
111P031,48.6,19.2,6.8,25.4,48.6,,0.12,×
111P032,37.5,7.3,37.5,31.2,24.1,,0.11,×
111P033,95.9,1,1.5,1.5,95.9,,0.14,〇
111P034,95.9,2.8,95.9,0.7,0.5,,0.15,〇
111P035,94.7,1.3,94.7,0.9,3.1,,0.15,〇
111P036,99,0.4,0.3,0.3,99,,0.07,〇
111P037,29.1,7.5,29.1,43,20.3,,0.14,×
111P038,96.7,2,0.6,0.7,96.7,,0.14,〇
111P039,64.4,3.6,25.8,64.4,6.2,,0.32,×
111P040,98.5,98.5,0.3,0.4,0.8,,0.11,〇
111P041,66.9,3.3,17.7,66.9,12.1,,0.13,×
111P042,98.7,0.3,0.6,0.4,98.7,,0.09,〇
111P043,85,4.1,10.3,0.6,85,,0.30,〇
111P044,81.3,2.1,13,81.3,3.6,,0.10,〇
111P045,55.5,39.9,55.5,3.4,1.1,,0.18,×
111P046,97.1,0.3,97.1,2,0.7,,0.17,〇
111P047,91.9,4.8,2.9,91.9,0.5,,0.11,〇
111P048,76.3,76.3,5.2,5.5,13,,0.20,〇
111P049,97.1,1,97.1,0.5,1.4,,0.16,〇
111P050,90.4,3.4,90.4,2,4.1,,0.28,〇
111P051,95.3,95.3,3,0.8,0.9,,0.22,〇
111P052,75,3.2,11.1,75,10.7,,0.43,〇
111P053,83.2,83.2,2.5,12.2,2,,0.20,〇
111P054,54.8,9.8,28.8,6.6,54.8,,0.28,×
111P055,91.5,91.5,7.5,0.4,0.7,,0.16,〇
111P056,51.3,0.9,18.1,29.6,51.3,,0.43,×
111P057,93.2,4.5,0.5,93.2,1.8,,0.22,〇
111P058,94.8,94.8,0.6,2.2,2.4,,0.19,〇
111P059,95.2,2.5,1.6,0.7,95.2,,0.20,〇
111P060,62.6,14.4,6.1,16.9,62.6,,0.26,×
111P061,50.1,50.1,3.3,18.1,28.5,,0.28,×
111P062,75.6,8.9,2.4,13.2,75.6,,0.45,〇
111P063,73.5,22.9,73.5,2.3,1.3,,0.34,〇
111P064,75.7,1.5,11,75.7,11.8,,0.15,〇
111P065,54.9,10.9,54.9,4.7,29.5,,0.15,×
111P066,91.7,2.3,91.7,0.9,5.1,,0.23,〇
111P067,79.9,15.7,3.9,0.5,79.9,,0.21,〇
111P068,51,51,7.4,39.4,2.2,,0.19,×
111P069,92,92,6,0.3,1.8,,0.06,〇
111P070,52.8,2.4,52.8,17.4,27.3,,0.21,×
111P071,88.5,88.5,1.3,3.9,6.3,,0.13,〇
111P072,57.3,39.4,57.3,1,2.3,,0.30,×
111P073,98.1,0.3,98.1,0.4,1.2,,0.12,〇
111P074,94.4,2.1,1.4,94.4,2.1,,0.16,〇
111P075,90.3,3.1,2.6,90.3,4.1,,0.25,〇
111P076,57.2,9.2,57.2,14.7,19,,0.04,×
111P077,46.7,14.2,1.6,46.7,29,8.5,-0.08,×
111P078,49.8,26.3,15.5,8,0.5,49.8,0.35,×
111P079,27.9,6,28.7,27.9,28.8,8.6,0.11,×
111P080,83.3,9.2,3.6,1.3,83.3,2.6,0.15,〇
111P081,91,91,4,0.5,3.8,0.7,0.21,〇
111P082,61.6,11.8,1.2,23.9,1.5,61.6,0.30,×
111P083,89,2.2,89,1.1,7,0.6,0.34,〇
111P084,77,0.7,1.4,14.2,77,6.7,0.14,〇
111P085,54,17.8,0.5,25.6,2,54,0.23,×
111P086,86.6,86.6,0.7,1,10.6,1.1,0.34,〇
111P087,12.7,14,35.2,89,46,15.9,0.16,×
111P088,58.8,14.5,25.2,10.8,63.6,86,0.43,×
111P089,60,16.5,5.4,74,20.8,83.3,0.46,×
111P090,77.5,,,,,,0.40,〇
111P091,62.3,62.3,9,13.7,15,,0.27,×
111P092,66.8,8.3,66.8,3.4,21.4,,0.23,×
111P093,93.6,1.3,3,93.6,2,,0.14,〇
111P094,84.7,9,3.3,84.7,3.1,,0.28,〇
111P095,89.6,3,2.4,89.6,5,,0.15,〇
111P096,68,9.2,18.8,95.2,5.6,71.2,0.29,×
111P097,97.5,0.7,0.5,97.5,1.3,,0.11,〇
111P098,96.9,0.4,96.9,2.6,0.1,,0.10,〇
111P099,99.1,0.3,99.1,0.4,0.2,,0.05,〇
111P100,73.9,11.7,1.7,13.5,96,77.2,0.28,〇
111P101,97.5,97.5,1.7,0.3,0.5,,0.14,〇
111P102,91.7,3.3,3.7,91.7,1.3,,0.19,〇
111P103,96.9,1.3,1,0.4,0.4,96.9,0.12,〇
111P104,97.9,0.4,0.5,97.9,1.2,,0.11,〇
111P105,80.1,0.7,18.3,0.7,80.1,0.3,0.17,〇
111P106,93.5,3.4,1,2.1,93.5,,0.23,〇
111P107,98.2,0.7,98.2,0.4,0.8,,0.13,〇
111P108,93.6,3.7,0.8,1.9,93.6,,0.22,〇
111P109,99.6,99.6,0.2,0.1,0.1,,0.03,〇
111P110,98.9,0.6,0.1,0.4,98.9,,0.06,〇
111P111,55.9,35.9,55.9,4.9,3.3,,0.40,×
111P112,96.9,0.3,0.2,2.6,96.9,,0.02,〇
111P113,85.3,6.3,85.3,5.5,3,,0.23,〇
111P114,71.2,71.2,5.4,19.2,4.2,,0.30,〇
111P115,92.8,1.5,5.4,0.8,96.6,95.7,0.18,〇
111P116,34.4,1,2.1,34.4,62.6,,0.19,×
111P117,98.7,0.2,0.4,0.7,98.7,,0.07,〇
111P118,80.3,2.5,0.3,16.9,80.3,,0.27,〇
111P119,36.6,36.6,60.7,2,0.7,,0.14,×
111P120,90,2.3,2,5,90,0.8,0.18,〇
112A001,97.7,0.3,0.8,97.7,1.1,,0.14,〇
112A002,98.5,1,98.5,0.4,0.1,,0.10,〇
112A003,98.5,0.8,0.2,0.4,98.5,,0.08,〇
112A004,96.3,0.2,2,96.3,1.5,,0.05,〇
112A005,92.1,0.3,6.3,1.3,92.1,,0.22,〇
112A006,97.2,0.7,2,97.2,0.2,,0.16,〇
112A007,69.6,9.1,0.4,20.9,69.6,,0.20,×
112A008,98.5,98.5,0.8,0.5,0.2,,0.06,〇
112A009,72.7,12.6,4,10.7,72.7,,0.00,〇
112A010,43.8,0.9,43.8,0.8,54.5,,0.23,×
112A011,89.9,6,1.1,89.9,3,,0.06,〇
112A012,98.4,0.6,0.6,98.4,0.5,,0.08,〇
112A013,99.1,0.1,99.1,0.7,0.1,,0.05,〇
112A014,67,3.6,5.4,24,67,,0.32,×
112A015,74.8,4.7,74.8,17.8,2.6,,0.29,〇
112A016,96.8,2.4,0.5,96.8,0.3,,0.11,〇
112A017,87.9,7.1,4.5,87.9,0.4,,0.29,〇
112A018,99.2,99.2,0.2,0.2,0.5,,0.05,〇
112A019,91.8,0.1,0.3,91.8,7.8,,0.08,〇
112A020,70.4,70.4,20.9,0.5,8.3,,0.23,〇
112A021,97.9,1.5,97.9,0.2,0.4,,0.08,〇
112A022,98.4,0.4,0.3,98.4,0.8,,0.09,〇
112A023,83.5,8.6,83.5,5.1,2.8,,0.37,〇
112A024,88.8,3.8,5.4,2,88.8,,0.27,〇
112A025,98.9,0.3,0.1,0.1,0.6,98.9,0.06,〇
112A026,87.8,87.8,3,3.6,5.7,,0.15,〇
112A027,64.7,64.7,2.1,2.5,30.6,,0.31,×
112A028,66.8,5.9,66.8,7.7,19.7,,0.44,×
112A029,9.7,7.8,6.8,9.7,75.7,,-0.02,×
112A030,65.1,25.8,5.5,65.1,3.6,,0.25,×
112A031,96.3,96.3,1.2,2,0.5,,0.18,〇
112A032,15.3,21,40.4,23.3,15.3,,0.17,×
112A033,56.8,26.7,8.3,8.2,56.8,,0.33,×
112A034,19.8,19.8,28.8,6.6,44.8,,0.15,×
112A035,93.2,3.2,1.2,2.4,93.2,,0.21,〇
112A036,89.6,0.6,7.2,89.6,2.6,,0.26,〇
112A037,95.3,0.2,95.3,0.8,3.7,,0.16,〇
112A038,39.5,30.1,13.5,16.9,39.5,,0.25,×
112A039,46.4,8.1,36.9,46.4,8.7,,0.38,×
112A040,29.3,0.4,46,24.3,29.3,,0.14,×
112A041,96.6,1.8,96.6,0.7,0.8,,0.18,〇
112A042,50,4.9,16.9,28.1,50,,0.23,×
112A043,98.4,98.4,0.8,0.6,0.2,,0.08,〇
112A044,61.3,3.2,61.3,25.5,10.1,,0.41,×
112A045,92.7,0.1,4.9,92.7,2.3,,0.19,〇
112A046,91.6,1.4,0.6,91.6,6.4,,0.00,〇
112A047,88,88,0.4,4.2,7.4,,0.32,〇
112A048,94.1,0.8,3.9,1.2,94.1,,0.05,〇
112A049,98.4,0.2,0.7,98.4,0.7,,0.07,〇
112A050,90.3,90.3,3.3,2,4.3,,0.31,〇
112A051,27.5,15.7,27.5,47.5,9.4,,0.04,×
112A052,80.3,9.5,80.3,3.5,6.7,,0.24,〇
112A053,80.3,2.5,13.1,4.1,80.3,,0.35,〇
112A054,96.8,0.7,1,1.4,96.8,,0.15,〇
112A055,95.9,95.9,0.6,0.4,3,,0.12,〇
112A056,98.6,0.5,0.4,0.6,98.6,,0.09,〇
112A057,73.3,7.7,0.8,73.3,18.2,,0.28,〇
112A058,90.7,90.7,4.3,4.9,0.1,,0.29,〇
112A059,95.1,2.9,95.1,0.7,1.4,,0.09,〇
112A060,40.3,40.3,50.1,1.7,8,,0.19,×
112A061,44,15.1,26.2,14.8,44,,0.14,×
112A062,48.3,8.6,48.3,42.8,0.3,,0.15,×
112A063,22.6,22.6,31.6,42.9,2.9,,0.32,×
112A064,84.4,6.3,4.9,4.5,84.4,,0.24,〇
112A065,74.2,1.4,74.2,16,8.4,,0.22,〇
112A066,55.7,13.5,14.3,16.4,55.7,,0.05,×
112A067,71.3,2.2,2.3,24.2,71.3,,0.43,〇
112A068,80.3,80.3,11.8,7.5,0.3,,0.16,〇
112A069,90.4,1.8,5.5,2.3,90.4,,0.13,〇
112A070,52.4,52.4,16.3,24,7.3,,0.33,×
112A071,92.8,0.4,4.8,2,92.8,,0.11,〇
112A072,17.2,17.2,28.5,37,17.2,,0.05,×
112A073,89.2,89.2,5.8,3.5,1.5,,0.29,〇
112A074,85.6,5,1.5,85.6,7.9,,0.26,〇
112A075,62.9,62.9,6.7,9.1,10,11.2,0.33,×
112A076,32.1,16.3,32.1,41.2,2,8.5,0.24,×
112A077,63.1,15.6,5.3,63.1,3.8,12.3,0.35,×
112A078,92.5,0.6,0.6,5.2,1.2,92.5,0.25,〇
112A079,72.5,0.9,72.5,18,3.7,5,0.34,〇
112A080,86,0.4,11.5,86,1.7,0.4,0.28,〇
112A081,33.4,4.3,17.3,13.9,31,33.4,0.16,×
112A082,49.9,49.9,6.2,25.7,3.3,14.9,0.14,×
112A083,97.2,0.2,97.2,0.5,0.2,1.9,0.11,〇
112A084,89.7,1.3,0.3,0.4,89.7,8.4,0.16,〇
112A085,50.6,23.2,14.2,9.3,2.7,50.6,0.47,×
112A086,62.3,4.1,63.8,10.7,23.3,98.2,0.20,×
112A087,78.7,7.9,88.8,89.3,5.7,8.2,0.34,〇
112A088,60.6,85.2,2.1,73.1,27.2,12.4,0.36,×
112A089,96.9,1.9,98,0.9,0.5,98.6,0.09,〇
112A090,60.2,67.2,85.1,11,18.5,18.2,0.36,×
112A091,44.8,44.8,3.7,36.7,14.8,,0.21,×
112A092,15.7,59.9,15.7,23.4,0.9,,0.03,×
112A093,65.8,26.5,3.1,4.6,65.8,,0.26,×
112A094,80.5,0.8,80.5,15.5,3.2,,0.24,〇
112A095,94,0.9,0.9,4.2,94,,0.13,〇
112A096,78.3,3.8,3,78.3,14.9,,0.13,〇
112A097,81.3,2.8,13.7,2.1,81.3,,0.28,〇
112A098,72.2,15.4,8.1,4.4,72.2,,0.19,〇
112A099,94.5,2.3,94.5,2.9,0.2,,0.12,〇
112A100,99.5,0.2,99.5,0.2,0.1,,0.05,〇
112A101,44,46.7,9.2,0.2,44,,0.20,×
112A102,85.4,1.3,85.4,12.5,0.8,,0.19,〇
112A103,75.5,8.9,9.9,6.1,76.4,98.8,0.23,〇
112A104,89.1,8.7,0.3,89.1,1.9,,0.12,〇
112A105,80.1,12.8,4.5,80.1,2.6,,0.38,〇
112A106,29.1,14.6,52.9,3.5,29.1,,0.26,×
112A107,79.6,1.9,18.2,79.6,0.3,,0.31,〇
112A108,97.8,97.8,0.5,1.4,0.3,,0.15,〇
112A109,77.2,1.6,77.2,3.2,18.1,,0.29,〇
112A110,79.5,2.9,7.6,9.9,79.5,,0.29,〇
112A111,91,91,7.1,1.4,0.5,,0.27,〇
112A112,91.6,3.1,91.6,0.5,4.7,,0.15,〇
112A113,54.2,54.2,9.6,7,29.3,,-0.06,×
112A114,71.9,0.1,0.8,27.2,71.9,,0.14,〇
112A115,90.9,0.4,2.4,90.9,6.3,,0.18,〇
112A116,56.2,24.3,56.2,15.1,4.4,,0.26,×
112A117,98,1.3,0.1,0.6,98,,0.08,〇
112A118,67.7,27.1,67.7,3,2.1,,0.31,×
112A119,83.8,2.8,83.8,10.2,3.2,,0.22,〇
112A120,99.1,0.3,0.1,0.5,99.1,,0.06,〇
112P001,95,1,95,3.8,0.3,,0.13,〇
112P002,93.2,6.2,93.2,0.6,0,,0.14,〇
112P003,97.2,1.9,0.5,97.2,0.4,,0.15,〇
112P004,98.6,0.5,0.5,98.6,0.3,,0.09,〇
112P005,98.5,0.1,1,98.5,0.4,,0.08,〇
112P006,97.1,1.3,97.1,1.5,0.1,,0.12,〇
112P007,93.5,93.5,5.9,0.5,0.1,,0.16,〇
112P008,96.9,0.4,1.6,96.9,1.1,,0.17,〇
112P009,69.9,0.9,2.6,69.9,26.7,,0.03,×
112P010,79.9,0.1,79.9,1,19,,0.27,〇
112P011,94.9,1.6,2.8,0.7,94.9,,0.24,〇
112P012,97.8,97.8,1.4,0.5,0.4,,0.14,〇
112P013,96,1.8,1,1.2,96,,0.12,〇
112P014,98.5,0.2,1,0.3,98.5,,0.11,〇
112P015,99.3,0.2,0.2,0.2,99.3,,0.06,〇
112P016,96.6,0.2,1.2,96.6,2,,0.15,〇
112P017,96.5,1.4,1.1,96.5,1.1,,0.14,〇
112P018,95,0.3,2.8,95,1.8,,0.17,〇
112P019,99.5,99.5,0.2,0.2,0,,0.05,〇
112P020,99,0.4,0.2,99,0.3,,0.06,〇
112P021,91.8,0.4,0.5,7.3,91.8,,0.21,〇
112P022,98,0.5,0.8,0.7,98,,0.12,〇
112P023,96.9,96.9,2.9,0.2,0.1,,0.12,〇
112P024,95.8,1.1,2.5,95.8,0.6,,0.17,〇
112P025,94.2,0.5,0.9,94.2,4.2,0.2,0.21,〇
112P026,14.6,30.2,46.5,8.7,14.6,,0.06,×
112P027,54.9,12.8,27.4,4.9,54.9,,0.27,×
112P028,49.7,8.6,49.7,20.3,21.4,,0.21,×
112P029,78,1.5,13,78,7.5,,0.14,〇
112P030,57.9,11,57.9,3.3,27.8,,0.35,×
112P031,74.4,2.4,3.7,19.5,74.4,,0.20,〇
112P032,86,86,3,5.2,5.9,,-0.08,〇
112P033,34.9,38,7.3,34.9,19.9,,0.09,×
112P034,95.5,1.9,95.5,2,0.6,,0.19,〇
112P035,NULL,37.9,9.5,31.2,21.3,,nan,〇
112P036,58,39,2.4,0.6,58,,0.01,×
112P037,54.7,26.3,54.7,9.5,9.6,,0.24,×
112P038,90.7,2.9,1,90.7,5.3,,0.28,〇
112P039,31.3,31.3,57.4,3.9,7.4,,0.19,×
112P040,53,1.8,10.5,34.7,53,,0.33,×
112P041,90.4,3.6,0.8,5.1,90.4,,0.26,〇
112P042,99.3,99.3,0.2,0.3,0.3,,0.04,〇
112P043,98.7,0.7,0.1,0.5,98.7,,0.09,〇
112P044,10.4,1.1,49.2,10.4,39.2,,0.00,×
112P045,97.3,97.3,1.2,0.5,1,,0.12,〇
112P046,28.7,28.7,10.5,14.6,46.2,,0.09,×
112P047,94.1,3.2,1.5,1.3,94.1,,0.20,〇
112P048,80.2,80.2,6.1,2.7,10.9,,0.44,〇
112P049,14.8,41.4,42.2,1.6,14.8,,0.19,×
112P050,25.2,19.7,47.7,7.4,25.2,,0.13,×
112P051,57.4,57.4,0.4,12.6,29.5,,0.28,×
112P052,20.7,1.5,33.3,44.6,20.7,,0.10,×
112P053,57.6,57.6,0.7,38.2,3.4,,0.18,×
112P054,99.3,0.1,0.1,0.5,99.3,,0.05,〇
112P055,89.4,89.4,0.8,1.1,8.7,,0.28,〇
112P056,59,35,4.9,59,1.1,,0.30,×
112P057,74.7,74.7,11,0.9,13.4,,0.30,〇
112P058,93.1,0.8,4.3,1.8,93.1,,0.27,〇
112P059,93.3,93.3,1.2,2.8,2.7,,0.24,〇
112P060,60.3,3.1,4.8,31.8,60.3,,0.12,×
112P061,94.9,94.9,1.2,2.9,1,,0.17,〇
112P062,98.6,0.5,0.5,98.6,0.3,,0.10,〇
112P063,68,68,0.5,27.5,4,,0.27,×
112P064,87.5,87.5,1.4,0.6,10.4,,0.23,〇
112P065,83.6,83.6,1.4,1.5,13.5,,0.22,〇
112P066,61,3.9,61,34.9,0.1,,0.29,×
112P067,91.1,0.2,7.2,91.1,1.4,,0.13,〇
112P068,98.6,0.3,1,98.6,0.2,,0.09,〇
112P069,96.9,0.3,96.9,2.3,0.5,,0.16,〇
112P070,68,16.6,9.4,68,6,,-0.01,×
112P071,86.6,7.7,86.6,3.4,2.3,,0.27,〇
112P072,98.2,98.2,1.1,0.6,0.1,,0.10,〇
112P073,77.3,1,12.3,2.7,6.7,77.3,0.25,〇
112P074,61.1,2,0.5,16.8,19.7,61.1,0.40,×
112P075,80.9,4.6,2.1,80.9,4.9,7.5,0.35,〇
112P076,51.8,12.3,14.5,6.5,14.9,51.8,0.27,×
112P077,31.1,2.7,31.1,18.6,40.4,7.2,0.29,×
112P078,41.8,41.8,1.7,2,21.7,32.8,0.22,×
112P079,87.1,5.4,1.4,87.1,2.3,3.8,0.29,〇
112P080,68.1,9.9,1,17.6,68.1,3.4,0.32,×
112P081,40.7,40.7,19.5,5,9.7,25.1,0.36,×
112P082,73.8,2.6,9.5,10.8,73.8,3.5,0.36,〇
112P083,95.4,95.4,0.5,3.4,0.2,0.5,0.21,〇
112P084,71.5,0.7,22.5,71.5,4.5,0.7,0.20,〇
112P085,82.3,6.4,5.4,91.9,88.7,7.6,0.40,〇
112P086,91.3,4.7,1.6,2.9,98.3,92.5,0.20,〇
112P087,55.9,1.4,68.7,4,86.6,39.3,0.14,×
112P088,46.3,97.7,6.1,14.1,47.7,34.3,0.29,×
112P089,94.6,3,94.9,99.4,1.1,1.7,0.16,〇
112P090,80.6,,,,,,0.34,〇
112P091,65.8,2.9,0.2,31.1,65.8,,0.09,×
112P092,46.5,5.7,46.5,41,6.6,0.3,0.02,×
112P093,94.2,98.4,4,95.5,1.2,1,0.25,〇
112P094,64.8,21.3,64.8,9.6,4.3,,0.21,×
112P095,37.2,16.8,10.9,20.4,51.9,,0.00,×
112P096,76.6,17.6,76.6,5.3,0.5,,-0.01,〇
112P097,81,11.3,6.1,81,1.6,,0.28,〇
112P098,88.5,7.8,1.6,2,88.5,,0.26,〇
112P099,73.4,76.9,0.6,4.3,96,22.2,0.36,〇
112P100,89.1,1.7,8.4,0.8,89.1,,0.25,〇
112P101,77.5,17.3,80.5,94.9,3.2,4.2,0.33,〇
112P102,99.5,0.3,0.1,99.5,0.1,,0.05,〇
112P103,92.1,3.2,92.1,4.3,0.4,,0.18,〇
112P104,99,99,0.8,0.1,0.1,,0.08,〇
112P105,99,0.1,0.2,99,0.7,,0.09,〇
112P106,97,0.7,0.2,97,2.1,,0.15,〇
112P107,91.3,91.3,3.1,0.4,5.3,,0.17,〇
112P108,96.7,0.4,2.3,96.7,0.5,,0.17,〇
112P109,97.4,0.1,97.4,1.2,1.2,,0.08,〇
112P110,90.2,9.4,90.2,0.3,0.1,,0.20,〇
112P111,52.5,3,37.7,52.5,6.8,,0.17,×
112P112,69.2,97.1,2.8,12,16.6,71.5,0.27,×
112P113,91.7,91.7,2.7,5.5,0.1,,0.23,〇
112P114,89.2,89.2,0.2,0.3,10.3,,0.19,〇
112P115,53.8,2.3,53.8,10.5,33.4,,0.24,×
112P116,85.4,85.4,5,3.4,6.2,,0.20,〇
112P117,14.1,5,6.8,74.2,14.1,,0.03,×
112P118,81.5,7.1,5.1,6.3,81.5,,0.36,〇
112P119,66.9,66.9,8.3,17.8,7,,0.38,×
112P120,71.8,1.2,13.9,13.2,71.8,,0.25,〇
113A001,98,1.2,98,0.8,0.1,,0.11,〇
113A002,85.2,12.6,85.2,0.7,1.6,,0.26,〇
113A003,71.3,9,6.2,71.3,13.5,,0.28,〇
113A004,75.4,10.3,2.9,11.4,75.4,,0.17,〇
113A005,30.7,3.9,42.5,22.9,30.7,,0.14,×
113A006,95.5,0.1,3.1,95.5,1.3,,0.15,〇
113A007,74.6,22,0.9,74.6,2.5,,0.31,〇
113A008,86.9,2.5,1,9.6,86.9,,0.25,〇
113A009,94.7,1.3,1.4,94.7,2.7,,0.19,〇
113A010,98.8,0.1,0.5,98.8,0.6,,0.06,〇
113A011,66.4,2.5,0.6,66.4,30.5,,0.37,×
113A012,97.8,97.8,0.7,1,0.4,,0.14,〇
113A013,99.3,0.4,99.3,0.3,0.1,,0.07,〇
113A014,83.7,5,9.9,83.7,1.3,,0.25,〇
113A015,98,98,1,0.8,0.2,,0.16,〇
113A016,89.2,6.7,0.7,89.2,3.5,,0.36,〇
113A017,96.5,1.2,0.4,96.5,1.9,,0.17,〇
113A018,91.3,0.5,91.3,3.1,5.2,,0.24,〇
113A019,87.4,87.4,1.3,11.1,0.2,,0.13,〇
113A020,92.9,2.5,1.7,2.9,92.9,,0.12,〇
113A021,95.9,0.5,95.9,0.4,3.2,,0.19,〇
113A022,79.3,6.8,1.1,79.3,12.8,,0.22,〇
113A023,47.2,0.6,1.1,47.2,51.1,,0.11,×
113A024,98.6,0.2,0.1,1.1,98.6,,0.06,〇
113A025,59,3,8.3,8.5,59,21.1,0.45,×
113A026,66.4,3.4,3.7,66.4,26.5,,0.25,×
113A027,11,16.8,11,30.4,41.8,,0.01,×
113A028,27.7,18.9,52.9,27.7,0.5,,0.16,×
113A029,84.4,11.3,84.4,0.7,3.7,,0.39,〇
113A030,44.6,15,18,22.4,44.6,,0.13,×
113A031,36.5,39.4,16.7,36.5,7.4,,0.01,×
113A032,95.6,95.6,0.2,0.2,4,,0.19,〇
113A033,91.4,6.1,0.2,2.4,91.4,,0.13,〇
113A034,86.9,1.7,6.4,86.9,4.9,,0.31,〇
113A035,96.6,0.2,0.4,2.8,96.6,,0.08,〇
113A036,82.6,2.7,82.6,5.1,9.6,,0.36,〇
113A037,30.8,61.5,30.8,7.3,0.4,,0.08,×
113A038,90.2,0.9,2.8,6.1,90.2,,0.26,〇
113A039,94.7,0.9,94.7,0.9,3.5,,0.23,〇
113A040,80.6,0.9,18.2,80.6,0.3,,0.12,〇
113A041,67.2,12.9,67.2,12.4,7.5,,0.24,×
113A042,61.4,23.2,5.4,10,61.4,,0.04,×
113A043,74.1,5.6,15.7,4.6,74.1,,0.14,〇
113A044,45.3,51.6,2.2,45.3,0.9,,0.08,×
113A045,51.1,0.6,51.1,4,44.3,,0.51,×
113A046,91.8,4.1,91.8,0.9,3.2,,0.23,〇
113A047,94.9,2.4,94.9,2.6,0.2,,0.15,〇
113A048,85.2,7.8,2.2,4.8,85.2,,0.26,〇
113A049,93.9,4.6,0.6,0.9,93.9,,0.16,〇
113A050,38.3,7.9,38.3,10.9,42.9,,0.29,×
113A051,25,61.7,1.3,12,25,,0.29,×
113A052,74.1,0.3,74.1,4.6,21,,0.22,〇
113A053,97.4,0.2,1.4,1,97.4,,0.10,〇
113A054,75.2,75.2,4.4,6.8,13.6,,0.11,〇
113A055,78.4,2.7,14.9,4.1,78.4,,0.29,〇
113A056,56.4,14.5,24.6,4.6,56.4,,0.37,×
113A057,39.7,15,39.7,31,14.3,,0.13,×
113A058,52.9,9.2,15.2,22.8,52.9,,0.17,×
113A059,61,15.9,2.1,21,61,,0.55,×
113A060,75.8,2.8,0.9,75.8,20.4,,0.25,〇
113A061,52.5,40.7,52.5,5.3,1.5,,0.06,×
113A062,48.5,8.9,48.5,21.9,20.7,,0.28,×
113A063,36.1,36.1,30.8,14.2,18.9,,0.17,×
113A064,77.9,0.5,77.9,0.4,21.2,,0.23,〇
113A065,93.5,93.5,5.6,0.7,0.2,,0.21,〇
113A066,92.3,0.7,2,92.3,4.9,,0.19,〇
113A067,96.6,1.9,96.6,1,0.6,,0.14,〇
113A068,70.2,13.7,4.9,70.2,11.2,,0.36,〇
113A069,86.7,86.7,7.5,3.8,2,,0.25,〇
113A070,78.2,4.1,4.6,13,78.2,,0.24,〇
113A071,91.7,6.4,91.7,0.7,1.2,,0.26,〇
113A072,68.6,5.4,2.7,68.6,23.2,,0.19,×
113A073,92.9,3.7,92.9,2.7,0.6,,0.25,〇
113A074,91.1,91.1,8.4,0.1,0.4,,0.08,〇
113A075,59.9,6.8,1.5,26.7,59.9,5.1,0.15,×
113A076,17,42,8.5,17,25.9,6.6,0.16,×
113A077,10.7,0.4,87.9,0.8,10.7,0.2,0.19,×
113A078,82.7,82.7,2.9,5.1,7.4,1.8,0.24,〇
113A079,30.5,2.1,31.6,30.5,30.9,4.9,0.28,×
113A080,41.3,18.1,6.5,41.3,14.1,20,0.45,×
113A081,73.7,13.4,6.6,73.7,4,2.2,0.15,〇
113A082,19.5,19.5,45,11.2,14.3,10,0.31,×
113A083,75.5,11.7,1.5,12.3,85.2,89.3,0.31,〇
113A084,43.8,15,13.4,50.6,90,31,0.44,×
113A085,69.8,6.8,78.1,15.3,9.6,90.2,0.30,×
113A086,70.8,7.1,6.3,90.2,17.8,78.6,0.32,〇
113A087,70.3,7.5,14.9,85.3,9.7,82.5,0.23,〇
113A088,41.1,28.9,43,22.1,92,14,0.48,×
113A089,97.5,0.7,1.4,0.8,99.2,97.9,0.16,〇
113A090,87.9,99.5,88.1,0.7,7.2,4.6,0.11,〇
113A091,67,4.6,11.7,67,16.8,,0.30,×
113A092,84.2,2.4,7.1,6.9,85.6,97.9,0.27,〇
113A093,60.4,26.2,60.4,7.9,5.5,,0.37,×
113A094,88,6.5,88,4.1,1.5,,0.35,〇
113A095,92.2,5,0.7,2.1,92.2,,0.15,〇
113A096,89.4,9.4,0.8,89.4,0.3,,0.11,〇
113A097,91.6,0.4,91.6,7.1,0.9,,0.21,〇
113A098,60.6,0.5,38.1,0.8,60.6,,0.34,×
113A099,93.4,4.8,0.5,93.4,1.3,,0.03,〇
113A100,87.9,1.3,8.7,87.9,2.1,,0.23,〇
113A101,91.1,0.8,91.1,6.2,1.9,,0.20,〇
113A102,96.4,0.2,1.7,96.4,1.6,,0.07,〇
113A103,64.7,6.4,64.7,3.8,25.1,,0.25,×
113A104,46.3,17.7,24.3,11.6,46.3,,0.11,×
113A105,97.7,0.5,0.3,0.2,1.3,97.7,0.09,〇
113A106,65.1,,,,,,0.37,×
113A107,92.2,92.2,2,0.3,5.5,,0.12,〇
113A108,59.9,14.1,16.6,59.9,9.4,,0.23,×
113A109,79.6,8.6,6.8,4.9,79.6,,0.38,〇
113A110,50,9.4,21.4,50,19.2,,0.15,×
113A111,85.1,4.1,85.1,5.2,5.6,,0.34,〇
113A112,68.9,0.1,29,2,68.9,,0.32,×
113A113,81.9,4.3,0.3,81.9,13.5,,0.33,〇
113A114,94,0.1,94,3.7,2.2,,0.03,〇
113A115,97.2,0.4,97.2,2.2,0.2,,0.13,〇
113A116,91.5,1.9,4,2.6,91.5,,0.23,〇
113A117,87.4,0.1,12.4,87.4,0.1,,0.11,〇
113A118,92.3,2.7,92.3,1,3.9,,0.28,〇
113A119,95.9,0.3,1,2.7,95.9,,0.13,〇
113A120,98.2,98.2,0.4,0.3,1.1,,0.12,〇
113P001,99.4,0.3,0.2,99.4,0.1,,0.03,〇
113P002,63,4.4,63,27.1,5.4,,0.05,×
113P003,98.4,0.1,0.3,1.1,98.4,,0.10,〇
113P004,92.4,5.1,1.5,1,92.4,,0.09,〇
113P005,60.1,7,16.5,60.1,16.4,,0.32,×
113P006,97.3,97.3,1.1,0.2,1.3,,0.17,〇
113P007,99.5,0.1,0.2,99.5,0.2,,0.03,〇
113P008,97.6,97.6,1.1,0.1,1.1,,0.13,〇
113P009,88.2,2,4.2,88.2,5.7,,0.14,〇
113P010,98.5,0.3,98.5,1,0.3,,0.10,〇
113P011,35.1,35.1,38.4,15.2,11.3,,-0.04,×
113P012,86.4,1.1,5.8,86.4,6.8,,0.13,〇
113P013,98.2,0.1,1.3,98.2,0.4,,0.11,〇
113P014,71,71,11.2,16.4,1.4,,0.36,〇
113P015,69.8,69.8,26.9,1.3,2,,0.37,×
113P016,94.8,0.3,94.8,3.1,1.8,,0.25,〇
113P017,93,5.1,93,1.6,0.2,,0.17,〇
113P018,97.3,97.3,0.7,0.1,1.9,,0.14,〇
113P019,97.9,0.3,0.9,97.9,0.9,,0.09,〇
113P020,95.6,1.7,1.8,0.8,95.6,,0.17,〇
113P021,NULL,51.1,2.1,42.4,4.4,,nan,〇
113P022,98.6,0.1,0.9,0.4,98.6,,0.09,〇
113P023,91.6,1.9,3.9,91.6,2.7,,0.16,〇
113P024,87.2,0.2,87.2,3.1,9.6,,0.28,〇
113P025,93.7,1.1,4.4,93.7,0.6,0.2,0.24,〇
113P026,93.5,93.5,1.1,2.1,3.3,,0.22,〇
113P027,47.4,31.3,4.2,47.4,17,,0.35,×
113P028,90.5,3.9,1.6,4,90.5,,0.32,〇
113P029,44.2,44.2,8.5,39.5,7.8,,0.23,×
113P030,97.1,2,0.3,0.7,97.1,,0.13,〇
113P031,42.4,2.1,12.9,42.4,42.6,,0.16,×
113P032,92.9,92.9,2,4.3,0.8,,0.08,〇
113P033,80.4,80.4,0.2,2.6,16.8,,0.24,〇
113P034,95.5,1.3,95.5,1.3,1.8,,0.21,〇
113P035,74.5,17.3,1.4,74.5,6.8,,0.35,〇
113P036,57.4,24.6,16.4,57.4,1.7,,0.22,×
113P037,54.9,54.9,40.4,2.5,2.2,,0.17,×
113P038,78,3.2,78,8.4,10.4,,0.38,〇
113P039,72.8,13.8,0.9,72.8,12.5,,0.32,〇
113P040,66.9,5.4,23,66.9,4.7,,0.40,×
113P041,78.7,11.8,7.3,78.7,2.3,,0.35,〇
113P042,97.3,97.3,0.7,0.5,1.5,,0.17,〇
113P043,34,27.6,34,9,29.3,,0.23,×
113P044,46.9,46.9,10.2,19,24,,0.32,×
113P045,11.5,24.4,43.5,20.7,11.5,,0.09,×
113P046,66.7,4.3,1,66.7,28.1,,0.25,×
113P047,81.8,9.6,81.8,4,4.6,,0.22,〇
113P048,38.4,38.4,0.2,0.6,60.8,,0.06,×
113P049,68.2,68.2,23.6,0.7,7.5,,0.33,×
113P050,94.3,94.3,0.3,0.9,4.5,,0.23,〇
113P051,92.5,1.5,2.9,92.5,3.1,,0.24,〇
113P052,81.7,4.3,6.1,8,81.7,,0.32,〇
113P053,89.4,5.3,1.4,89.4,3.9,,0.20,〇
113P054,92,1.7,5.5,0.8,92,,0.12,〇
113P055,79.6,3.4,2.2,79.6,14.8,,0.41,〇
113P056,77.3,11.2,77.3,5.1,6.4,,0.17,〇
113P057,80.9,8.3,10.1,80.9,0.8,,0.33,〇
113P058,89,89,4.4,1.8,4.8,,0.23,〇
113P059,96.9,0.6,96.9,0.8,1.7,,0.16,〇
113P060,97.6,1.4,97.6,0.2,0.8,,0.13,〇
113P061,96.7,96.7,1.3,0.3,1.7,,0.18,〇
113P062,84.4,0.9,11.9,2.8,84.4,,0.17,〇
113P063,66.3,1.5,66.3,31.2,1.1,,0.33,×
113P064,80.4,0.7,1.5,80.4,17.4,,0.32,〇
113P065,72.4,5.2,5.2,72.4,17.3,,0.41,〇
113P066,98.1,1.3,0.2,0.3,98.1,,0.08,〇
113P067,87.6,87.6,0.1,9.8,2.5,,0.09,〇
113P068,83,83,6.2,7.5,3.3,,0.29,〇
113P069,99.4,0.2,0.1,0.4,99.4,,0.06,〇
113P070,97.4,1.3,0.3,1,97.4,,0.05,〇
113P071,91.6,4,3.4,1,91.6,,0.20,〇
113P072,71.9,71.9,2.7,18.8,6.7,,0.27,〇
113P073,97.7,0.1,0.6,0.4,1.1,97.7,0.17,〇
113P074,66.6,2.7,22.1,66.6,8.3,0.3,0.54,×
113P075,51.9,1.2,1.5,23.8,21.6,51.9,0.17,×
113P076,11.1,11.1,24.9,38.8,4.5,20.7,0.02,×
113P077,81.4,8.9,81.4,3.5,1.8,4.4,0.35,〇
113P078,92.9,0.4,3.5,92.9,1.9,1.3,0.20,〇
113P079,19.6,37.4,12.2,19.6,2.6,28.2,0.26,×
113P080,30.9,20.2,4,13.7,30.9,31.2,0.20,×
113P081,94.9,1.6,94.9,0.4,2.4,0.6,0.15,〇
113P082,40.1,50.5,19.9,23.9,84.9,20.8,0.30,×
113P083,69.9,19.9,83,8.4,85.1,3.7,0.44,×
113P084,74.6,15.4,78.6,17.7,78.9,9.4,0.51,〇
113P085,96,98,1.2,1.8,97.6,1.4,0.18,〇
113P086,97.2,97.8,0.4,99.1,0.4,2.3,0.15,〇
113P087,84.1,85.2,98.5,1.7,8.1,6.5,0.19,〇
113P088,42.9,60.5,31.2,62.7,21.6,24,0.19,×
113P089,96.6,2.4,98.3,0.5,98,0.8,0.14,〇
113P090,85.3,,,,,,0.32,〇
113P091,77.4,14.6,77.4,7.2,0.7,,0.33,〇
113P092,73.6,73.6,13,5.1,8.4,,0.05,〇
113P093,87.1,0.2,12.5,87.1,0.3,,0.14,〇
113P094,94.3,0.3,1,4.4,94.3,,0.22,〇
113P095,27.8,1,16.2,26.4,28.5,27.8,0.44,×
113P096,93.8,0.9,2,93.8,3.3,,0.23,〇
113P097,92,3.6,3.8,92,0.6,,0.27,〇
113P098,80.3,80.3,1.1,12.5,6.1,,0.28,〇
113P099,63.1,25.7,4.8,6.3,63.1,,0.43,×
113P100,82.7,13.6,82.7,0.9,2.8,,0.36,〇
113P101,92.1,2,92.1,4,1.9,,0.25,〇
113P102,89.6,0.7,6.9,89.6,2.8,,0.25,〇
113P103,99.2,0.3,0.5,99.2,0.1,,0.08,〇
113P104,78.2,12.2,78.2,8.8,0.9,,0.27,〇
113P105,93.8,0.3,3.6,2.3,93.8,,0.12,〇
113P106,81.7,3.7,13.1,81.7,1.5,,0.29,〇
113P107,97,0.3,0.4,97,2.4,,0.15,〇
113P108,94.5,0.4,94.5,4.7,0.3,,0.16,〇
113P109,97.3,0.2,0.4,2.1,97.3,,0.15,〇
113P110,73.6,73.6,12.2,1.1,13.1,,0.24,〇
113P111,91.6,4,2.4,91.6,2.1,,0.27,〇
113P112,95.9,2.7,95.9,0.2,1.2,,0.11,〇
113P113,98.8,0.2,0.3,98.8,0.7,,0.05,〇
113P114,75,0.1,3.4,21.5,75,,0.27,〇
113P115,92.1,1,5.1,92.1,1.8,,0.13,〇
113P116,81,81,5,10.9,3.1,,0.27,〇
113P117,70,0.8,28.2,1,70,,0.16,〇
113P118,97.8,1.4,0.3,0.6,97.8,,0.12,〇
113P119,39.4,1.4,39.4,9.8,49.4,,0.15,×
113P120,95.1,0.9,95.1,3.7,0.4,,0.17,〇
114A001,96.8,1,2,96.8,0.3,,0.18,〇
114A002,99,99,0.2,0.7,0,,0.08,〇
114A003,98.3,0.1,0.1,1.5,98.3,,0.05,〇
114A004,98.2,0.5,98.2,1.2,0.2,,0.08,〇
114A005,98.9,98.9,0.2,0.3,0.5,,0.11,〇
114A006,99.6,0.2,99.6,0.1,0.1,,0.04,〇
114A007,97.1,97.1,1.9,0.9,0.1,,0.19,〇
114A008,92,2.4,92,4.7,0.9,,0.18,〇
114A009,88.8,8.5,88.8,0.5,2.2,,0.29,〇
114A010,94.7,0.1,4.8,94.7,0.3,,0.24,〇
114A011,88.9,5,88.9,3.3,2.9,,0.34,〇
114A012,84.2,3.6,4.3,84.2,7.9,,0.36,〇
114A013,58.5,20.5,3.1,17.8,58.5,,0.27,×
114A014,87.6,0.3,7.6,4.6,87.6,,0.29,〇
114A015,87.5,4.1,7.5,87.5,0.9,,0.31,〇
114A016,52.7,0.7,52.7,24.3,22.3,,0.32,×
114A017,94,2.5,1.3,94,2.2,,0.22,〇
114A018,95.9,2.3,1.2,95.9,0.6,,0.25,〇
114A019,97.5,0.6,0.7,1.1,97.5,,0.16,〇
114A020,97.6,0.1,97.6,0.5,1.8,,0.16,〇
114A021,96.8,0.1,2.6,96.8,0.6,,0.17,〇
114A022,98.8,0.1,0.8,98.8,0.3,,0.07,〇
114A023,97.8,0.6,0.6,97.8,1,,0.07,〇
114A024,98.9,0.3,0.3,0.5,98.9,,0.08,〇
114A025,86.6,3.8,2.6,7,86.6,,0.13,〇
114A026,16.4,3,21.6,59,16.4,,-0.07,×
114A027,22.8,12,22.8,15.7,49.4,,0.13,×
114A028,28.5,24.8,25.5,21.2,28.5,,0.25,×
114A029,39.7,39.7,2.1,13.7,44.6,,0.15,×
114A030,64.3,11.9,9.9,64.3,13.9,,0.19,×
114A031,65.4,65.4,7.7,12.1,14.7,,0.44,×
114A032,74.6,1.1,9.1,15.2,74.6,,0.01,〇
114A033,83.2,83.2,6.7,6.8,3.3,,0.29,〇
114A034,20.1,20.1,15.3,48.5,16.1,,0.38,×
114A035,97.4,1,97.4,1.1,0.5,,0.13,〇
114A036,65.8,65.8,3.8,14.2,16.2,,0.41,×
114A037,85.2,0.4,85.2,5,9.4,,0.25,〇
114A038,89,5.7,1.3,4,89,,0.28,〇
114A039,58.4,58.4,2.4,26.1,13.1,,0.10,×
114A040,40.7,40.7,29.3,21.6,8.3,,0.32,×
114A041,85.6,3,85.6,10.1,1.4,,0.32,〇
114A042,91.9,2.3,91.9,3.2,2.6,,0.23,〇
114A043,33.5,33.5,4.7,12.8,48.9,,0.15,×
114A044,78.3,4.5,1.6,15.5,78.3,,0.26,〇
114A045,98.8,98.8,0.2,0.4,0.6,,0.09,〇
114A046,76.4,4.4,16.1,3.1,76.4,,0.14,〇
114A047,69.3,18.2,6.1,69.3,6.4,,0.49,×
114A048,98.7,0.4,0.7,98.7,0.1,,0.09,〇
114A049,62,62,10.8,24.2,3,,0.49,×
114A050,93.6,1.4,3.6,1.4,93.6,,0.13,〇
114A051,77.5,2,1.7,77.5,18.8,,0.27,〇
114A052,48.2,7.6,48.2,6.9,37.3,,0.19,×
114A053,70.1,18.2,10.4,1.3,70.1,,0.31,〇
114A054,43.1,4,50.1,43.1,2.7,,0.46,×
114A055,76.7,3.7,9.5,76.7,10,,0.32,〇
114A056,81.2,81.2,0.1,0.2,18.5,,-0.01,〇
114A057,56.2,2.4,4.5,36.9,56.2,,0.22,×
114A058,85.3,2.6,85.3,9.5,2.6,,0.33,〇
114A059,69.1,7.9,69.1,11.3,11.6,,0.23,×
114A060,62.7,3.3,25.3,62.7,8.7,,0.18,×
114A061,69.8,0.6,8.3,21.3,69.8,,0.30,×
114A062,93.9,0.3,0.5,93.9,5.2,,0.16,〇
114A063,99.2,99.2,0.3,0.3,0.2,,0.07,〇
114A064,66.5,66.5,6.5,3.9,23,,0.34,×
114A065,84.1,6.7,4.2,5,84.1,,0.25,〇
114A066,84.2,4.4,3.5,7.9,84.2,,0.24,〇
114A067,65.1,65.1,1.3,25.9,7.6,,0.27,×
114A068,88.3,2.7,88.3,1.2,7.9,,0.25,〇
114A069,82.4,1.5,4.3,11.9,82.4,,0.21,〇
114A070,88.4,0.1,0.9,10.6,88.4,,0.33,〇
114A071,94.2,0.4,3.3,2.1,94.2,,0.20,〇
114A072,29.3,29.3,28.3,28.5,13.9,,-0.05,×
114A073,77.4,3.9,14.7,77.4,4,,0.32,〇
114A074,86.7,11.5,0.5,1.3,86.7,,0.24,〇
114A075,54.1,12.5,54.1,7.7,25.6,,0.39,×
114A076,61.3,25.8,3.1,61.3,9.8,,0.26,×
114A077,68.2,5.1,8.1,18.5,68.2,,0.30,×
114A078,92.3,1.5,2,92.3,0.8,3.4,0.20,〇
114A079,17.2,43.6,14.8,17.2,7.2,17.2,0.12,×
114A080,45.2,20.5,20.6,7.7,6,45.2,0.26,×
114A081,91.1,2.7,91.1,2.8,3.2,0.2,0.15,〇
114A082,71.6,71.6,2.9,15.2,1.7,8.6,0.26,〇
114A083,63.2,65.1,6.7,6.9,97.3,24,0.44,×
114A084,12.9,6.6,68.6,13.1,36.5,75.1,0.19,×
114A085,9.8,25.7,71,18.6,41.4,43.3,0.20,×
114A086,33.8,40,29.2,71.9,3.5,55.5,0.30,×
114A087,35.7,26,29.5,50.4,55.9,38.2,0.31,×
114A088,56.9,58.4,7.4,2.4,34.2,97.6,0.36,×
114A089,13.6,44.2,56.1,37.2,16.4,46.1,0.20,×
114A090,44.7,42.7,11.9,35.4,55.5,54.5,0.25,×
114A091,58.2,40.7,0.8,58.2,0.2,,0.06,×
114A092,67.1,9.4,22.8,0.6,67.1,,0.23,×
114A093,73.2,73.2,22.3,0.2,4.4,,0.05,〇
114A094,93.3,4.3,93.3,1.8,0.7,,0.22,〇
114A095,49.6,3.1,6.6,40.8,49.6,,0.47,×
114A096,90.8,4.5,90.8,1.9,2.9,,0.29,〇
114A097,71.9,22.6,71.9,4.4,1.2,,0.11,〇
114A098,46.2,1.9,48.4,46.2,3.5,,0.12,×
114A099,46.7,42.3,46.7,0.7,10.3,,0.41,×
114A100,73.2,7.1,2.6,73.2,11.2,5.8,0.14,〇
114A101,19.9,20.6,39.1,22.1,27.8,90.4,0.22,×
114A102,97.2,0.4,2,97.2,0.4,,0.07,〇
114A103,75.1,75.1,0.5,23.9,0.5,,0.11,〇
114A104,64,1.1,1.4,64,33.5,,0.06,×
114A105,71.4,0.7,25,71.4,2.9,,0.26,〇
114A106,74.1,24.9,0.1,0.8,74.1,,0.04,〇
114A107,38.1,45.4,50.1,9.1,89.1,6.3,0.20,×
114A108,94,2.7,1.2,2.2,94,,0.13,〇
114A109,93.4,0.1,93.4,0.3,6.2,,0.14,〇
114A110,90.9,3.1,90.9,4.2,1.8,,0.29,〇
114A111,98.7,0.7,0.1,0.5,98.7,,0.09,〇
114A112,53.2,1.2,16.8,56.5,29.8,95.6,0.40,×
114A113,92.8,1.6,1.5,4.1,92.8,,0.02,〇
114A114,92,5.1,1.5,92,1.3,,0.26,〇
114A115,93.5,2.5,93.5,2.9,1,,0.13,〇
114A116,80.4,13,0.4,6.2,80.4,,0.10,〇
114A117,71.6,4.5,71.6,4.4,19.5,,0.20,〇
114A118,96.5,0.2,96.5,3,0.3,,0.16,〇
114A119,99.1,0.3,99.1,0.2,0.3,,0.07,〇
114A120,95.7,0.2,2,2.1,95.7,,0.15,〇
114P001,96.2,2.1,0.5,96.2,1.3,,0.15,〇
114P002,98.9,0.2,0.7,98.9,0.3,,0.01,〇
114P003,85.5,1.5,3.6,9.4,85.5,,0.27,〇
114P004,83.1,4.5,6.5,83.1,5.8,,0.30,〇
114P005,94.7,2.9,94.7,0.5,2,,0.26,〇
114P006,94.2,94.2,4,1.3,0.5,,0.26,〇
114P007,96.9,0.5,96.9,2,0.6,,0.19,〇
114P008,94.8,2.1,1.9,94.8,1.1,,0.25,〇
114P009,94.3,4.1,0.5,94.3,1.1,,0.25,〇
114P010,96.8,1.6,1.5,96.8,0.2,,0.15,〇
114P011,94.2,3.6,94.2,1.6,0.6,,0.22,〇
114P012,98.4,98.4,1.4,0.2,0.1,,0.13,〇
114P013,99.5,99.5,0.1,0.3,0.1,,0.05,〇
114P014,99.2,0.1,0.4,99.2,0.3,,0.06,〇
114P015,88.3,88.3,5.6,0.8,5.4,,0.32,〇
114P016,97.4,0.4,0.2,2,97.4,,0.14,〇
114P017,98.6,0.1,98.6,0.3,1,,0.13,〇
114P018,98.1,1.4,0.1,0.4,98.1,,0.12,〇
114P019,75.4,14.3,75.4,7.5,2.8,,0.15,〇
114P020,99.4,0.2,0.2,99.4,0.2,,0.04,〇
114P021,99.3,0.4,99.3,0.2,0.1,,0.08,〇
114P022,98,1.2,0.2,98,0.6,,0.09,〇
114P023,91,4.7,2,2.2,91,,0.22,〇
114P024,99,99,0.8,0.1,0.1,,0.08,〇
114P025,90.5,3.2,90.5,5.9,0.4,,0.31,〇
114P026,14.1,49.7,30,6.2,14.1,,-0.12,×
114P027,64.5,13.3,18.1,64.5,4.1,,0.28,×
114P028,8.4,8.4,6.3,65.4,19.8,,0.06,×
114P029,85.9,7.2,1.7,85.9,5.3,,0.27,〇
114P030,72.3,11,5,11.7,72.3,,0.37,〇
114P031,71.8,26.6,71.8,1.2,0.4,,0.23,〇
114P032,58.1,5.3,15.6,58.1,21,,0.17,×
114P033,66,1.2,0.7,32.2,66,,0.37,×
114P034,49.4,1.9,14.2,34.5,49.4,,0.23,×
114P035,85.4,5.8,85.4,2.4,6.5,,0.34,〇
114P036,96.1,96.1,1.9,1.7,0.3,,0.15,〇
114P037,94.7,94.7,0.3,3.9,1.1,,0.21,〇
114P038,43.8,43.8,3.7,4.6,47.9,,0.48,×
114P039,83.3,0.6,13.2,83.3,2.8,,0.26,〇
114P040,90.5,6.2,1.9,90.5,1.4,,0.30,〇
114P041,97.7,0.2,97.7,0.7,1.3,,0.13,〇
114P042,63,63,10.9,6,20.1,,0.32,×
114P043,57.8,15.2,57.8,24,3.1,,0.29,×
114P044,90.7,1,0.3,8,90.7,,0.21,〇
114P045,95.6,0.1,0.4,3.9,95.6,,0.15,〇
114P046,65.7,5.2,65.7,21,8.2,,0.29,×
114P047,87.5,7,2.9,87.5,2.7,,0.21,〇
114P048,33.9,0.5,56,9.6,33.9,,0.11,×
114P049,77.4,7.7,8.3,77.4,6.6,,0.29,〇
114P050,60.1,15.8,20.4,3.7,60.1,,0.35,×
114P051,73,7.7,73,12.9,6.3,,0.47,〇
114P052,64,11.1,11.2,13.7,64,,0.36,×
114P053,83.9,1.9,0.1,14.1,83.9,,0.33,〇
114P054,86.6,1.5,6.8,86.6,5.2,,0.22,〇
114P055,14.8,9.8,9.7,14.8,65.8,,0.14,×
114P056,78.7,3.8,0.4,17.1,78.7,,0.09,〇
114P057,93.9,0.3,4.1,93.9,1.7,,0.20,〇
114P058,99,99,0.2,0.6,0.2,,0.07,〇
114P059,98.3,0.1,1.3,98.3,0.3,,0.11,〇
114P060,36.8,1.5,36.8,49.7,12,,0.14,×
114P061,83.1,83.1,10.2,1.5,5.2,,0.18,〇
114P062,98.1,1.3,0.2,98.1,0.3,,0.11,〇
114P063,85.3,2.7,11.2,85.3,0.8,,0.41,〇
114P064,98.9,98.9,0.1,0.2,0.8,,0.09,〇
114P065,94.9,1.6,1.5,2,94.9,,0.23,〇
114P066,82.3,82.3,4.1,11.7,1.8,,0.16,〇
114P067,89.2,9.6,0.5,0.7,89.2,,0.33,〇
114P068,48.7,9.7,5.1,48.7,36.4,,0.32,×
114P069,96.9,0.1,0.6,96.9,2.4,,0.13,〇
114P070,77.9,3.3,3.5,77.9,15.4,,0.01,〇
114P071,58.8,4.1,2.7,34.4,58.8,,0.23,×
114P072,97.6,0.7,1,97.6,0.7,,0.14,〇
114P073,97.1,0.2,2.3,97.1,0.3,,0.15,〇
114P074,81.7,0.7,81.7,6.8,10.8,,0.34,〇
114P075,97.2,0.2,0.1,2.6,97.2,,0.06,〇
114P076,53.2,1.6,0.5,36.9,53.2,7.9,0.29,×
114P077,65.9,65.9,10.6,8.6,5.4,9.4,0.56,×
114P078,40.4,15.4,11.2,40.4,29.1,3.9,0.30,×
114P079,48.3,26.6,4,5.7,48.3,15.4,0.36,×
114P080,93.8,0.9,93.8,2.2,2.5,0.6,0.20,〇
114P081,81.6,4.2,3.7,81.6,6.4,4.1,0.40,〇
114P082,13.5,64.1,42.5,24.7,23,45.7,0.26,×
114P083,91.9,2.4,5.7,2.7,93.5,95.8,0.32,〇
114P084,74.6,12.6,91.5,5.7,81.5,8.7,0.39,〇
114P085,54.6,0.7,5.5,64.9,88.8,40.1,0.07,×
114P086,75.8,6.7,91.8,82.7,2.7,16.2,0.29,〇
114P087,50.6,15.9,77.5,39.7,2.9,64,0.41,×
114P088,73.1,0.5,76,6.2,96.4,20.9,0.20,〇
114P089,75,1.6,89.5,20.2,84.2,4.5,0.41,〇
114P090,86.7,,,,,,0.30,〇
114P091,97.5,0.8,0.8,1,97.5,,0.13,〇
114P092,99.6,99.6,0.2,0.1,0.1,,0.05,〇
114P093,97.9,97.9,1,0.7,0.4,,0.04,〇
114P094,77.8,6.2,7.2,77.8,8.8,,0.26,〇
114P095,16.4,10.4,6.7,72.9,86.8,23.2,0.09,×
114P096,95.6,0.8,0.1,95.6,3.5,,0.14,〇
114P097,62.6,10.1,8.1,62.6,19.2,,0.48,×
114P098,82.2,1.1,11.8,5,82.2,,0.38,〇
114P099,76.3,6.4,76.3,5.6,11.7,,0.43,〇
114P100,61.8,0.8,61.8,3.5,33.9,,0.10,×
114P101,94.6,4.2,0.3,94.6,0.9,,0.19,〇
114P102,97.5,0.8,0.2,1.5,97.5,,0.11,〇
114P103,58.4,9.9,17,13.3,58.4,1.4,0.49,×
114P104,54.7,54.7,2.4,0.1,1.5,41.2,0.32,×
114P105,98.9,0.5,98.9,0.6,0.1,,0.09,〇
114P106,98.8,98.8,0.1,0.6,0.5,,0.10,〇
114P107,58.3,4.1,36.6,58.3,1,,0.01,×
114P108,94.3,0.5,94.3,0.1,5.1,,0.19,〇
114P109,92.4,0.3,3.8,92.4,3.6,,0.22,〇
114P110,98.8,0.3,0.5,98.8,0.4,,0.10,〇
114P111,88.5,88.5,0.3,6.1,5,,0.26,〇
114P112,93.4,5.8,0.6,93.4,0.2,,0.24,〇
114P113,66.8,66.8,14.1,9.1,10,,0.27,×
114P114,86.1,11,0.9,86.1,2.1,,0.26,〇
114P115,85.8,13.3,0.6,85.8,0.3,,0.29,〇
114P116,32.4,59.1,9.8,18.2,51.8,61.1,0.33,×
114P117,70.7,70.7,26.6,0.4,2.2,,0.39,〇
114P118,69,69,1.5,2,27.5,,0.14,×
114P119,72.6,4.5,10.2,12.7,72.6,,0.09,〇
114P120,43.4,25.8,3.7,7.9,43.4,19.1,0.09,×